take	block	flow_id	node_id	session_id	generation_id
b01_t1.mp3	b01	7OHHQbb2Ccn1FOZ3VOI4	gq41pDomLqJAw7Zwdluf	klb3xSS0gbPwffymN0BT	6kKOLF3AXteIkVmVtcpx
b01_t2.mp3	b01	7OHHQbb2Ccn1FOZ3VOI4	gq41pDomLqJAw7Zwdluf	2ul17MWvKgLU2ikB5xRf	Mt9NvbLb8yIYxmJoNy3Z
b01_t3.mp3	b01	7OHHQbb2Ccn1FOZ3VOI4	gq41pDomLqJAw7Zwdluf	5lOnsWY05aIY0INxwLzL	3hpKATTQAmA61dfFE4Ap
b01_t4.mp3	b01	7OHHQbb2Ccn1FOZ3VOI4	gq41pDomLqJAw7Zwdluf	bc9nKZVufp5tlrcHfzoA	rsSHH6CJJ5fmGkCOBTCG
b03_t1.mp3	b03	7OHHQbb2Ccn1FOZ3VOI4	dlIRdSqrN2faVXq9O2vr	MOSQcsVuLyIrWRIhgaEa	GrEiIApkSpyUPH79PuyT
b03_t2.mp3	b03	7OHHQbb2Ccn1FOZ3VOI4	dlIRdSqrN2faVXq9O2vr	ncDMX98a0EDdx325znCi	ZPW9ipxHnG5pMQRripKi
b03_t3.mp3	b03	7OHHQbb2Ccn1FOZ3VOI4	dlIRdSqrN2faVXq9O2vr	cgHV4lTvdFTJvacyjLzK	XRzy56GZelIT1528Sqlk
b03_t4.mp3	b03	7OHHQbb2Ccn1FOZ3VOI4	dlIRdSqrN2faVXq9O2vr	pOmkyjFxWSDWzhDHPS9b	sgWFjvEebqnQokjU6VCA
b05_t1.mp3	b05	7OHHQbb2Ccn1FOZ3VOI4	eCXqqz7ajym3nNPGbVHz	9iSvutxfEwixF1j4mXej	4lBaDJX9mRPj4sDfZner
b05_t2.mp3	b05	7OHHQbb2Ccn1FOZ3VOI4	eCXqqz7ajym3nNPGbVHz	2bTEkjhSYlG7h6hNOlEf	m9Fswo69cXJlq4Q4fsbX
b05_t3.mp3	b05	7OHHQbb2Ccn1FOZ3VOI4	eCXqqz7ajym3nNPGbVHz	2MiyKIXF7YZ6fmxPOT8q	FFxkjBjLgFQvDQQinPRA
b05_t4.mp3	b05	7OHHQbb2Ccn1FOZ3VOI4	eCXqqz7ajym3nNPGbVHz	CdEGzMxVbPhF2PVOWb8K	PzsHQH5VmIGHB4nMuRy6
b02_t1.mp3	b02	7OHHQbb2Ccn1FOZ3VOI4		PT6fobqLHvHvkTtcEe74	nXPvP1rYhusRveHJM1LN
b02_t2.mp3	b02	7OHHQbb2Ccn1FOZ3VOI4		lpNisceEvv26SkuvDzYR	VPGIheULNMkCE0tuNnzp
b02_t3.mp3	b02	7OHHQbb2Ccn1FOZ3VOI4		cZ3WiMeSHbcqMevbpCK5	WLGZW4qM62789IjxzytI
b02_t4.mp3	b02	7OHHQbb2Ccn1FOZ3VOI4		3ZGnuEg54VLEf4YsJyoO	ROGuexMlCFfdZclX41er
b04_t1.mp3	b04	7OHHQbb2Ccn1FOZ3VOI4		8ImtKzvcrLf4tSxuFECu	NfFhYElVL2uRA5oO5sLh
b04_t2.mp3	b04	7OHHQbb2Ccn1FOZ3VOI4		QGcLMywA5dPm6xhWgDZb	lkRkPYCNtjBXkkro1p1Y
b04_t3.mp3	b04	7OHHQbb2Ccn1FOZ3VOI4		NexhJnHV5PwZwo8A1mw6	jGa43V1rWhHeUAuHFSmN
b04_t4.mp3	b04	7OHHQbb2Ccn1FOZ3VOI4		1QArgYOmzRu5zTM3Og5v	Shmc1f1N2igjTDeK02DM
b06_t1.mp3	b06	7OHHQbb2Ccn1FOZ3VOI4		BCwUAgbTxNRgSTSjSeCF	vLwkuo8GZdGovmfTnI06
b06_t2.mp3	b06	7OHHQbb2Ccn1FOZ3VOI4		uJ4uYQNR7kbaTqdnuPZi	kiWEKH36JPKocuzKw0B0
b06_t3.mp3	b06	7OHHQbb2Ccn1FOZ3VOI4		NCHIMVlo1gvDyl8sf64F	jXAuciXpIUk6LLUrV7fD
b06_t4.mp3	b06	7OHHQbb2Ccn1FOZ3VOI4		rkguZG0hCtCYYzdwwrgd	WaWyk5PWb1tz78TVpVFW
b07_t1.mp3	b07	7OHHQbb2Ccn1FOZ3VOI4		1D9LGjYa76XvTOgBPRZ4	HRSF9kOBqx69tbiaackb
b07_t2.mp3	b07	7OHHQbb2Ccn1FOZ3VOI4		nx9aXK2JIStsVXVhSkKW	Dx3YJ8tLgYBze43Ofz5L
b07_t3.mp3	b07	7OHHQbb2Ccn1FOZ3VOI4		khx6O6qcFzmAN74XhRxo	ovouHlQWApQQ8Kb0lyVA
b07_t4.mp3	b07	7OHHQbb2Ccn1FOZ3VOI4		NFLbL1VxPQbevuorMRn3	iRIjzdWSBs1GT1PqsqOW
b08_t1.mp3	b08	7OHHQbb2Ccn1FOZ3VOI4		riZpFKeywCFipSN0aeyc	XZsYVxbprtqCKaguErOV
b08_t2.mp3	b08	7OHHQbb2Ccn1FOZ3VOI4		rGUrE1PfmV0vE3j8lRjP	QeG5p4aZ292FAjjyAAWl
b08_t3.mp3	b08	7OHHQbb2Ccn1FOZ3VOI4		3XJqmRYWPhj2ODTXVHDL	3PmSxYGFzExlnwxdVdim
b08_t4.mp3	b08	7OHHQbb2Ccn1FOZ3VOI4		lAK7w9uKENMJrYaWia5i	4HwevnscxzEsqcIh1x3p
b09_t1.mp3	b09	7OHHQbb2Ccn1FOZ3VOI4		TvqtNoVehaWTRrlPOzbL	tZVkHf4CHVA50E2YLk5z
b09_t2.mp3	b09	7OHHQbb2Ccn1FOZ3VOI4		A43SojFMANJwfyXC7Rf6	LZmNkL0QeiXS2kRMsRp5
b09_t3.mp3	b09	7OHHQbb2Ccn1FOZ3VOI4		7vTjcIJNEPxtcFoNLdpq	G2IRt6KcJOAJ6F5YFIsx
b09_t4.mp3	b09	7OHHQbb2Ccn1FOZ3VOI4		S5cxrSErX0kITcD2RPG5	RlkCtLw8bTmv7uk01Cbr
b10_t1.mp3	b10	7OHHQbb2Ccn1FOZ3VOI4		8zxctCYISwpHRQRwm764	uuwu5uY9yZbLAcvDC7Du
b10_t2.mp3	b10	7OHHQbb2Ccn1FOZ3VOI4		wap9ljMAy5DZGMoJVhXF	gqsHZiEW2580B2cGlYEl
b10_t3.mp3	b10	7OHHQbb2Ccn1FOZ3VOI4		VuK4arUU65gCDYFWYD42	MEeiqhWkzhFwhpbi8RXI
b10_t4.mp3	b10	7OHHQbb2Ccn1FOZ3VOI4		RvNIbbvyq7F2E93VWq2O	CvadnAdTN56evckhmfLZ
