file	kind	flow_id	session_id	generation_id	seconds_requested	duration_seconds
paper_flap_v1.mp3	paper_flap	ixyOFJL5LrLUH7pADfMu	Ro0nQehbJVcb4CDbYOdT	oIlVC6W0xFtHXLyZFeEv	1	1.044898
paper_flap_v2.mp3	paper_flap	ixyOFJL5LrLUH7pADfMu	r86rNw4GcMuwafPktsKV	meyP1l8khJvApZhzo5Rp	1	1.044898
paper_flap_v3.mp3	paper_flap	ixyOFJL5LrLUH7pADfMu	FSVTw0g531VNEf9vHabj	FZAuC5Dpad9wf0IL8gCU	1	1.044898
paper_lift_v1.mp3	paper_lift	ixyOFJL5LrLUH7pADfMu	0SwKhIlPj8itwFc8AFMA	qmMSq4vqNOjuYrzCauHn	1	1.044898
paper_lift_v2.mp3	paper_lift	ixyOFJL5LrLUH7pADfMu	19AKhC4AQUYAw6pNZjSq	4HvRzbxM0wgsqIkueEZO	1	1.044898
paper_lift_v3.mp3	paper_lift	ixyOFJL5LrLUH7pADfMu	BZbuWHLaHA7pWnO9OZ8q	nO1huqqNfta8RfFHS2HN	1	1.044898
paper_swish_v1.mp3	paper_swish	ixyOFJL5LrLUH7pADfMu	hDJm99Xl5UM07CCk5dSo	mG22eSbJ7DJ380snvZJA	1	1.044898
paper_swish_v2.mp3	paper_swish	ixyOFJL5LrLUH7pADfMu	wiHyzkUTsqzQWqGIShZU	GKckSdXRD3QNGsY7aAeV	1	1.044898
paper_swish_v3.mp3	paper_swish	ixyOFJL5LrLUH7pADfMu	WdYDTFr0CDCrrRoeDEFZ	HQeCcsjb4YIQxbbZYzuw	1	1.044898
paper_slap_v1.mp3	paper_slap	ixyOFJL5LrLUH7pADfMu	3Iyg7eDubmp6qCqYtGbP	cX6fKbQA2J8APkWcb24s	1	1.044898
paper_slap_v2.mp3	paper_slap	ixyOFJL5LrLUH7pADfMu	nmu8AwzsAnnLKaLzZeW1	rbuTzwZF4edfiiFlIdZr	1	1.044898
paper_slap_v3.mp3	paper_slap	ixyOFJL5LrLUH7pADfMu	yWPYWfT1IOstf3KF0Nc1	Z4WTpdKMfwx8MdfPDXKU	1	1.044898
card_flick_v1.mp3	card_flick	ixyOFJL5LrLUH7pADfMu	iXdecBNPQsmwVzi5Li1Q	UC2VFFuWFGE0Ll77ivyy	1	1.044898
card_flick_v2.mp3	card_flick	ixyOFJL5LrLUH7pADfMu	GzeO5jEWt3GGQsDAlUQ8	Z4ztDVlxMi83ue9mi8U5	1	1.044898
card_flick_v3.mp3	card_flick	ixyOFJL5LrLUH7pADfMu	Ki3Be5RUMNrmM93izNSB	cUfF62BuCP36ebuTOXk7	1	1.044898
card_slide_v1.mp3	card_slide	ixyOFJL5LrLUH7pADfMu	7uRU37Sy9zNLCth1a20P	XRZFHXOgdj0P87K0zCKS	1	1.044898
card_slide_v2.mp3	card_slide	ixyOFJL5LrLUH7pADfMu	9otuiLVpRSDKZNmfCrW2	rwPLigw9kPS1V9naxtcI	1	1.044898
card_slide_v3.mp3	card_slide	ixyOFJL5LrLUH7pADfMu	81U0Vu2LCj8nH7wGIEyQ	OnqBZCEtOefGLEq9adEA	1	1.044898
page_turn_v1.mp3	page_turn	ixyOFJL5LrLUH7pADfMu	7NRDwqunstj2vkLvMoz5	9wNvr0gaZSCALu2cqUu5	1	1.044898
page_turn_v2.mp3	page_turn	ixyOFJL5LrLUH7pADfMu	tcKSXbdnd3LIaqWLuVnp	wWwrjJSh9To8bixhx7Zs	1	1.044898
page_turn_v3.mp3	page_turn	ixyOFJL5LrLUH7pADfMu	Qj8VB2Aod5vZj8l6Ykuj	vOeO4I6DCvQQs6qro29G	1	1.044898
tape_rip_v1.mp3	tape_rip	ixyOFJL5LrLUH7pADfMu	bGjFlaFpe5ZT1ZU9O481	s8E2erKr5np7ODCo4jM9	1	1.044898
tape_rip_v2.mp3	tape_rip	ixyOFJL5LrLUH7pADfMu	rRiX8zVwAT4q0oVsImvG	dDwWSJbjDXzfdRyYCjXO	1	1.044898
tape_rip_v3.mp3	tape_rip	ixyOFJL5LrLUH7pADfMu	KsWwwWN4vfRnhs5jByWv	Z3ATVQlbOjwIY9vwEDQh	1	1.044898
marker_circle_v1.mp3	marker_circle	ixyOFJL5LrLUH7pADfMu	2Puuit3WazAKPP3JjrD4	xZe53YntEfeqlNn8v85n	1	1.044898
marker_circle_v2.mp3	marker_circle	ixyOFJL5LrLUH7pADfMu	JyaNt16vwxl6hQ7NOKtx	arLgJrARElIRdYcZggcQ	1	1.044898
marker_circle_v3.mp3	marker_circle	ixyOFJL5LrLUH7pADfMu	Em9Cd5ApKanadWV4ypdq	zVI9zlZsXNVhmexOuaLT	1	1.044898
pencil_tap_v1.mp3	pencil_tap	ixyOFJL5LrLUH7pADfMu	ZOWtpQmheYTrWjuFjh5M	9dTJPSsMstcTcuJ19mSo	0.5	0.522449
pencil_tap_v2.mp3	pencil_tap	ixyOFJL5LrLUH7pADfMu	BK0TeAPQCJGqhi93OGPL	okSRBhaYVDFQQ2D6wwwE	0.5	0.522449
pencil_tap_v3.mp3	pencil_tap	ixyOFJL5LrLUH7pADfMu	eO6fSYQYSdqbsDt6CKVb	9qxrUbJYPGYv7Wve1rmY	0.5	0.522449
typewriter_tick_v1.mp3	typewriter_tick	ixyOFJL5LrLUH7pADfMu	hoVk4BsyBAQV0o2az4oh	GbyEsNgUuQVDXCCfVgcB	0.5	0.522449
typewriter_tick_v2.mp3	typewriter_tick	ixyOFJL5LrLUH7pADfMu	QcV75MmiTAyrICNoGKaj	LzFFGDdLMbph9mMpWLmb	0.5	0.522449
typewriter_tick_v3.mp3	typewriter_tick	ixyOFJL5LrLUH7pADfMu	cHnS1NScjkK25TxQN4gj	2BMDOr8dH66K6Vt1PZhj	0.5	0.522449
hanger_click_v1.mp3	hanger_click	ixyOFJL5LrLUH7pADfMu	5dhZXEmxiCIw3sk7glsi	IftUZKj99bzAMYILLH6P	1	1.044898
hanger_click_v2.mp3	hanger_click	ixyOFJL5LrLUH7pADfMu	SclM1mYZfoHTsZlK7mk1	1TZqfAdcfFg4cR9HPPVM	1	1.044898
hanger_click_v3.mp3	hanger_click	ixyOFJL5LrLUH7pADfMu	eVKoSW043q90faidKz1D	ss8L3ctbw42Sd0jw7g83	1	1.044898
bell_ding_v1.mp3	bell_ding	ixyOFJL5LrLUH7pADfMu	KlXPjQxZVat4CP1DbYxL	MG5qL9fJ2MsJvJgFrtId	1.5	1.515102
bell_ding_v2.mp3	bell_ding	ixyOFJL5LrLUH7pADfMu	k2YCQsMfU1aCOI0XHFZB	gACYT0VWADOaGBnOgIvk	1.5	1.515102
bell_ding_v3.mp3	bell_ding	ixyOFJL5LrLUH7pADfMu	XbttzEANhoHjDI6Y4VC0	lMU0oZ1PwlTA2G1elVtj	1.5	1.515102
chip_pop_v1.mp3	chip_pop	ixyOFJL5LrLUH7pADfMu	ipDVEoIjc0g2pBico7Kg	4VCgwHUwl7wrNhNK6Dcg	0.5	0.522449
chip_pop_v2.mp3	chip_pop	ixyOFJL5LrLUH7pADfMu	4ZFf4pWHHFTDFWlf6NSK	K63OSRrUH5NvEGM5hlZ3	0.5	0.522449
chip_pop_v3.mp3	chip_pop	ixyOFJL5LrLUH7pADfMu	8UyzVAOAjENuGyS8tiaX	DGbwGo15m6MOcpJwQx95	0.5	0.522449
glint_v1.mp3	glint	ixyOFJL5LrLUH7pADfMu	cqV9vHvEboQyOZl0AaGC	w39kmf3iwJrsL1WULrX2	1	1.044898
glint_v2.mp3	glint	ixyOFJL5LrLUH7pADfMu	evWVi2c7Bo42l90INRXQ	u9gaKQhZza6uLCWdDODm	1	1.044898
glint_v3.mp3	glint	ixyOFJL5LrLUH7pADfMu	7aTYXroK9xFdW6uK8pYW	ubkK0mT3ePMf7fMRR6rA	1	1.044898
conveyor_run_v1.mp3	conveyor_run	ixyOFJL5LrLUH7pADfMu	q9ztl8UinoKcxL6uaRkL	a7S8MJQHMU6J2vmrR2dI	3	3.030204
conveyor_run_v2.mp3	conveyor_run	ixyOFJL5LrLUH7pADfMu	XBWMafzOOXXu54RB6doF	Jjf4ihWNwgWCjriFES7S	3	3.030204
conveyor_run_v3.mp3	conveyor_run	ixyOFJL5LrLUH7pADfMu	OC5Umq3by9749OQ4zub3	7iG5jVK9T9NgRXaGdYrC	3	3.030204
conveyor_clunk_v1.mp3	conveyor_clunk	ixyOFJL5LrLUH7pADfMu	dngqi4nBjCuKq4TdahFg	vvARShZOlru9E13REKVm	1	1.044898
conveyor_clunk_v2.mp3	conveyor_clunk	ixyOFJL5LrLUH7pADfMu	zRoJWlqRaM4N6bUwQwF0	7qlozCRMDq407RQo2pSL	1	1.044898
conveyor_clunk_v3.mp3	conveyor_clunk	ixyOFJL5LrLUH7pADfMu	71z398sK4x96zRZSUeos	lxXb5YELsaRyPWhTv9z8	1	1.044898
token_select_v1.mp3	token_select	ixyOFJL5LrLUH7pADfMu	4OXnlSJcaeOw6bpBlaCC	zyhqhojhJksFrdBGQv4G	0.5	0.522449
token_select_v2.mp3	token_select	ixyOFJL5LrLUH7pADfMu	E5LR3s4t7d3CClr7VGbZ	vM85qI0xiZMEBdJWuYq6	0.5	0.522449
token_select_v3.mp3	token_select	ixyOFJL5LrLUH7pADfMu	tP49uVx7g7lAw7s12Qcw	IDT4auI6ikCL08fW2RlH	0.5	0.522449
drawer_close_v1.mp3	drawer_close	ixyOFJL5LrLUH7pADfMu	4pMxquModjYZx56I0Xrf	0tKdckQDwNAFLWaZr8OT	1	1.044898
drawer_close_v2.mp3	drawer_close	ixyOFJL5LrLUH7pADfMu	FWBIgUH0Sl9CFjyBJOKV	zb5HrGQE6AwERKVM0NVI	1	1.044898
drawer_close_v3.mp3	drawer_close	ixyOFJL5LrLUH7pADfMu	1pGmcsWvOatS4tOK3JMb	Tr6UlvKLCOTPfhiuNVBj	1	1.044898
book_slide_v1.mp3	book_slide	ixyOFJL5LrLUH7pADfMu	xw9p2SiPLBCCR4z9hnPc	iL1TdcNfEHy52LM4YD0Y	1	1.044898
book_slide_v2.mp3	book_slide	ixyOFJL5LrLUH7pADfMu	T8fQp0J17x8KAX8iWaJp	yQzkazHzs2XkHsN9DKsU	1	1.044898
book_slide_v3.mp3	book_slide	ixyOFJL5LrLUH7pADfMu	Q0zKH15QDVM5Ax6fHJ6N	mMXfJrP5gP52dCJjR1sG	1	1.044898
machine_clunk_v1.mp3	machine_clunk	ixyOFJL5LrLUH7pADfMu	hlRSErtmX6QLg0oNaC8v	prryeQoCiD88XUdH3Oep	1	1.044898
machine_clunk_v2.mp3	machine_clunk	ixyOFJL5LrLUH7pADfMu	jqYN97aVJPJxxs7m6uOR	BsXNRIY4VykdlM0LT7DA	1	1.044898
machine_clunk_v3.mp3	machine_clunk	ixyOFJL5LrLUH7pADfMu	cf4uUyTTzBKYQgGnsKk9	x7L6fdoGpOrHJkhFEbE0	1	1.044898
machine_clunk_v4.mp3	machine_clunk	ixyOFJL5LrLUH7pADfMu	OQTec6c9o5LskUYqd5LD	v1dWhdvd6DPbCcHaKuqr	1	1.044898
machine_hum_v1.mp3	machine_hum	ixyOFJL5LrLUH7pADfMu	DwygOXQ9HHNTtFEwg6vB	k4o53yOiNK7rZnMipuTg	4	4.048980
machine_hum_v2.mp3	machine_hum	ixyOFJL5LrLUH7pADfMu	VqRGjr3Hqs77Wf951gVG	tI524Uv2HPtA1dP0xPO6	4	4.048980
machine_hum_v3.mp3	machine_hum	ixyOFJL5LrLUH7pADfMu	SEN4GUBZi6WulB852Rd2	K61nb4Z9zGRdcApeOi8s	4	4.048980
machine_hum_v4.mp3	machine_hum	ixyOFJL5LrLUH7pADfMu	olsrxBX6G7nqrHl7TwNe	LxriE6GXybwQ8cszUBIF	4	4.048980
scanner_sweep_v1.mp3	scanner_sweep	ixyOFJL5LrLUH7pADfMu	WaqUlhuqHQXeocs11Ve9	kcbje5jMW2xWqecXys4L	1.5	1.515102
scanner_sweep_v2.mp3	scanner_sweep	ixyOFJL5LrLUH7pADfMu	JQkl5S0OA3eQmZC24ELy	EWhnPYOXjmvjnVJ3QhXW	1.5	1.515102
scanner_sweep_v3.mp3	scanner_sweep	ixyOFJL5LrLUH7pADfMu	VWtAiDtp0E1OfnGtP1AM	qhRCqbHUOjMTidWgUCr1	1.5	1.515102
scanner_sweep_v4.mp3	scanner_sweep	ixyOFJL5LrLUH7pADfMu	KFj2tEIB6PkQSZg3PQ6L	S3w2sI8z2MUDDDQknyZl	1.5	1.515102
indicator_yes_v1.mp3	indicator_yes	ixyOFJL5LrLUH7pADfMu	LRx9VI5okfHDFYSsIIXD	hgHf4oEmwSl4zj9yuTYm	1	1.044898
indicator_yes_v2.mp3	indicator_yes	ixyOFJL5LrLUH7pADfMu	EAqKSZ8HxKRjKFhJNo8V	BN08nw8MJ89xyHadHPJk	1	1.044898
indicator_yes_v3.mp3	indicator_yes	ixyOFJL5LrLUH7pADfMu	7ru3lU8DJK7vVGo68jWh	G03HsjpWPNVT0D9iwvpz	1	1.044898
indicator_yes_v4.mp3	indicator_yes	ixyOFJL5LrLUH7pADfMu	yZFFPpCb7DInNK8JyW6H	6ogHRJKY0EhoN2Vq4h7r	1	1.044898
indicator_no_v1.mp3	indicator_no	ixyOFJL5LrLUH7pADfMu	zrhvvnuwQ8bTD0T8Asb4	9Nkoio8bDWzFbdWOwSHV	1	1.044898
indicator_no_v2.mp3	indicator_no	ixyOFJL5LrLUH7pADfMu	Oz9nM5g6lkk5JY9fHDBm	5E2IBtBhSUk9EnqcNhHz	1	1.044898
indicator_no_v3.mp3	indicator_no	ixyOFJL5LrLUH7pADfMu	1mNJZ8qdjuY6a4dyQznf	4WDCE7BY2y4lmQ2sFBLJ	1	1.044898
indicator_no_v4.mp3	indicator_no	ixyOFJL5LrLUH7pADfMu	XPuZiD1RFzpImeBpFSaB	QWr5iLSEwwwL7Q58Rge2	1	1.044898
claim_fails_v1.mp3	claim_fails	ixyOFJL5LrLUH7pADfMu	FS3TBRBKv61kqSxq4kXA	SLTe5snTQWToHSeh0MHm	1.5	1.515102
claim_fails_v2.mp3	claim_fails	ixyOFJL5LrLUH7pADfMu	ciwLeyz24BJmZbQ3rLRO	BJxI5mH69vXb2ThTuNAb	1.5	1.515102
claim_fails_v3.mp3	claim_fails	ixyOFJL5LrLUH7pADfMu	qwVNalcz9RJpwXZ5xdbW	LcHqZFYwJDF3QfaJiS5t	1.5	1.515102
claim_fails_v4.mp3	claim_fails	ixyOFJL5LrLUH7pADfMu	cBGCfczpKHwqRVMfAOnT	syxTG351j5jxz7NadtQw	1.5	1.515102
printer_feed_v1.mp3	printer_feed	ixyOFJL5LrLUH7pADfMu	HpWqXJe17RIIeO5a12kS	ilQSflcLeFHnB5e5Dha5	1.5	1.515102
printer_feed_v2.mp3	printer_feed	ixyOFJL5LrLUH7pADfMu	ZKlt3OR1LgRutpDkPQfR	52HXgG5jcqDigl9xY9ge	1.5	1.515102
printer_feed_v3.mp3	printer_feed	ixyOFJL5LrLUH7pADfMu	QyLPbEzuQqnLmq7pHYQ4	C3mZUJ5BNI6nlKEHg8Zv	1.5	1.515102
printer_feed_v4.mp3	printer_feed	ixyOFJL5LrLUH7pADfMu	k7oFypLrMIPto9OsmlGE	k6hz7dPbLRPiYcvNaEpI	1.5	1.515102
buzzer_wrong_v1.mp3	buzzer_wrong	ixyOFJL5LrLUH7pADfMu	nm4vbSkIs2wHpwQRlN0Q	mS6WtbsWPjDZCEFmtSGk	1	1.044898
buzzer_wrong_v2.mp3	buzzer_wrong	ixyOFJL5LrLUH7pADfMu	sjLwLiqPxTsdEsdRzGRc	W57T1yYge06tglpgoNUf	1	1.044898
buzzer_wrong_v3.mp3	buzzer_wrong	ixyOFJL5LrLUH7pADfMu	gIToK85CX7NvizoKJJJ4	xvyNbS8Q3vcAfC5qIQzK	1	1.044898
buzzer_wrong_v4.mp3	buzzer_wrong	ixyOFJL5LrLUH7pADfMu	7TR5P8eIbDpa0rp3eWrn	patWiTprnPbRqIaR2xwB	1	1.044898
ding_right_v1.mp3	ding_right	ixyOFJL5LrLUH7pADfMu	LmOEI7wWHKF1cIq2f3eJ	LUxIDpzVk6GTo0DfweJi	1	1.044898
ding_right_v2.mp3	ding_right	ixyOFJL5LrLUH7pADfMu	AV6cknB3kkR8w0a7C1ds	aTJPQlMcUWr2i8NZ0wzs	1	1.044898
ding_right_v3.mp3	ding_right	ixyOFJL5LrLUH7pADfMu	N4IaMJMnt8ZU4j5bwD9X	uLRC3x5auOUH89KNN3Gv	1	1.044898
ding_right_v4.mp3	ding_right	ixyOFJL5LrLUH7pADfMu	abrDZn9M7O70v0HIFeCf	EHLcHxoHYUy5fSnm7H4p	1	1.044898
score_flip_v1.mp3	score_flip	ixyOFJL5LrLUH7pADfMu	T9BFfcmihGy1FN1JRufL	cpnf0BWLEfTo3ETWXFpF	0.5	0.522449
score_flip_v2.mp3	score_flip	ixyOFJL5LrLUH7pADfMu	CYELMbTxrSiQ5HeTldrq	U7RHoeo0qzT6r2NIiaW3	0.5	0.522449
score_flip_v3.mp3	score_flip	ixyOFJL5LrLUH7pADfMu	53UoYhwhAovpsDb7XJoE	8JzkK3tHAHOC7rUkh2Dm	0.5	0.522449
score_flip_v4.mp3	score_flip	ixyOFJL5LrLUH7pADfMu	8HJXL3ZSKA1AUfssAn8i	2KtwRX7gz5WyHhNlReVf	0.5	0.522449
crowd_cheer_v1.mp3	crowd_cheer	ixyOFJL5LrLUH7pADfMu	P05BchIrRccTA9sB7axF	wTce54yAFNf9pnCpDEBU	2.5	2.507755
crowd_cheer_v2.mp3	crowd_cheer	ixyOFJL5LrLUH7pADfMu	4Q4qb2Y16i4eOTZamzT7	OLbWXk8J73w2ZohkthXi	2.5	2.507755
crowd_cheer_v3.mp3	crowd_cheer	ixyOFJL5LrLUH7pADfMu	vfQcuSuHgeNvdbaEV0dj	MQRmUkajvU9CAQzEcz9T	2.5	2.507755
crowd_cheer_v4.mp3	crowd_cheer	ixyOFJL5LrLUH7pADfMu	aCtJwuWNjnX5BOxn34vw	RWuYhSKMgqIY0eQZHnTk	2.5	2.507755
crowd_aww_v1.mp3	crowd_aww	ixyOFJL5LrLUH7pADfMu	O1mtciNA9FBAPAhos7jL	M7o2fmQsIRYztwi0tVlm	1.5	1.515102
crowd_aww_v2.mp3	crowd_aww	ixyOFJL5LrLUH7pADfMu	OZv42vlpKnBT9gCfKHwX	XHx4LutWeGDp6474kBmc	1.5	1.515102
crowd_aww_v3.mp3	crowd_aww	ixyOFJL5LrLUH7pADfMu	DwHOqHMIjSxyTK2P5Vtw	qh11FlcGRydgIasEtcV0	1.5	1.515102
crowd_aww_v4.mp3	crowd_aww	ixyOFJL5LrLUH7pADfMu	xDwmvzV9BbEDn4b7mG6e	NubBVssIjHFVUjC69vMP	1.5	1.515102
trophy_clink_v1.mp3	trophy_clink	ixyOFJL5LrLUH7pADfMu	THiBFICijXmfLAQwBGop	Ys2Vuw6Ekuq3FAuGrLLf	1	1.044898
trophy_clink_v2.mp3	trophy_clink	ixyOFJL5LrLUH7pADfMu	A7RHH4RYrb22CaGCVlLB	xIKYRPS1rZPlKQSD0hr6	1	1.044898
trophy_clink_v3.mp3	trophy_clink	ixyOFJL5LrLUH7pADfMu	im1iGkKAXY4Vd2wiwBy9	jbmwltQ3rVp2Je1mCten	1	1.044898
trophy_clink_v4.mp3	trophy_clink	ixyOFJL5LrLUH7pADfMu	FIwbRlkdBJxHyrrE8jW3	OqTzOBO3cpayE4ZEB0W5	1	1.044898
trophy_steps_v1.mp3	trophy_steps	ixyOFJL5LrLUH7pADfMu	13goDDSmR9o2XxbI0daU	MYanxMl7KNkOngWIYCYq	1.5	1.515102
trophy_steps_v2.mp3	trophy_steps	ixyOFJL5LrLUH7pADfMu	o5JVZ6HzpkWxhkttNvmH	3XoweIkeYRBiq84nRUFp	1.5	1.515102
trophy_steps_v3.mp3	trophy_steps	ixyOFJL5LrLUH7pADfMu	3SOCtqe36nzd0eq9sNEM	46FWeD3zcOIO2ushCUtP	1.5	1.515102
trophy_steps_v4.mp3	trophy_steps	ixyOFJL5LrLUH7pADfMu	LwqtQjjrVQI2qlAYZk3T	xRUBDoi8wziG64vG2e1C	1.5	1.515102
gavel_v1.mp3	gavel	ixyOFJL5LrLUH7pADfMu	iJMkXTPWGYDirwjKVD19	HpY6sS2BDUXP363R8Yg8	1	1.044898
gavel_v2.mp3	gavel	ixyOFJL5LrLUH7pADfMu	rkkyg2I0lql9jhVH24aE	01CRfpy6c128aPRuFJI3	1	1.044898
gavel_v3.mp3	gavel	ixyOFJL5LrLUH7pADfMu	1PbAhRQXbV7GH9Wibvhz	GjDMPQsp5AgFCxqV5bVY	1	1.044898
gavel_v4.mp3	gavel	ixyOFJL5LrLUH7pADfMu	J18ASZtkuKJIL6g84msW	7qVQhBhpDyW6tVLRQdPm	1	1.044898
stamp_heavy_v1.mp3	stamp_heavy	ixyOFJL5LrLUH7pADfMu	7kD8HxZVDDiXL0Do02Fz	9gfM7Ani8PDAkFhhWH1i	1	1.044898
stamp_heavy_v2.mp3	stamp_heavy	ixyOFJL5LrLUH7pADfMu	PMgvJ18Sv6T4ZR3mcTYx	FGPJbCFQ9PQPo07pAyoQ	1	1.044898
stamp_heavy_v3.mp3	stamp_heavy	ixyOFJL5LrLUH7pADfMu	ffhrVNqB0C8i7hkfx7mz	UvkNZPwgEXOm1lp1gnhX	1	1.044898
stamp_heavy_v4.mp3	stamp_heavy	ixyOFJL5LrLUH7pADfMu	wof1gs4ccXrztYrTSHTs	chnpYYRNWHLMZwJCW1JT	1	1.044898
amb_counter_v1.mp3	amb_counter	ixyOFJL5LrLUH7pADfMu	WolwLCSn8vcvAs5Eb9eG	FIetMDwc7jxmZ0oNPB9C	6	6.034286
amb_counter_v2.mp3	amb_counter	ixyOFJL5LrLUH7pADfMu	aJamxIrZlPjgJXuf27i1	2U25PbCUpHiKcHDECUpg	6	6.034286
amb_counter_v3.mp3	amb_counter	ixyOFJL5LrLUH7pADfMu	4cU4Ah1wdKP4gYyLiPow	s0b2WQ0fFpRXtBmDJMML	6	6.034286
amb_counter_v4.mp3	amb_counter	ixyOFJL5LrLUH7pADfMu	mzzPRGfBmV6zbMLCLnNf	nuCXHwFzEs9NE2WEi8Z0	6	6.034286
amb_conveyor_v1.mp3	amb_conveyor	ixyOFJL5LrLUH7pADfMu	uj1b1B1pH3EdiRgWR2o8	5kj6gMBgkufTdrCADEKg	6	6.034286
amb_conveyor_v2.mp3	amb_conveyor	ixyOFJL5LrLUH7pADfMu	VEOxurYRtLjNpL6euO8z	Ywi8xTNTmmj35hTAXozt	6	6.034286
amb_conveyor_v3.mp3	amb_conveyor	ixyOFJL5LrLUH7pADfMu	lOSTbQ7gH6If27S3cWjQ	UUCwmTyXInToQIYh4pkQ	6	6.034286
amb_conveyor_v4.mp3	amb_conveyor	ixyOFJL5LrLUH7pADfMu	hVJEJYKO8DrRAD7DaTYX	L48hqKjIxOKyYK4yMgaM	6	6.034286
amb_library_v1.mp3	amb_library	ixyOFJL5LrLUH7pADfMu	KVaFycv3ZqnmT6iYTOfu	68MqyHnd9UG6vZeYulKv	6	6.034286
amb_library_v2.mp3	amb_library	ixyOFJL5LrLUH7pADfMu	V6BYmBPMcoxACpnoqnG9	lwv1sA7nfZN1UF28DLgc	6	6.034286
amb_library_v3.mp3	amb_library	ixyOFJL5LrLUH7pADfMu	GhsplrFE4gUmA8TgKYCC	JZDQFd2F9vbYvnYnt14o	6	6.034286
amb_library_v4.mp3	amb_library	ixyOFJL5LrLUH7pADfMu	s4eUYcbotkdcZePdvXnP	gHjKrxhvCJE2zVIoHTKv	6	6.034286
amb_gameshow_v1.mp3	amb_gameshow	ixyOFJL5LrLUH7pADfMu	0UfsXKR40X7EO35H2ECm	XQxtplRfSbL9LtZdSHRl	6	6.034286
amb_gameshow_v2.mp3	amb_gameshow	ixyOFJL5LrLUH7pADfMu	oVs4wqYb4cMGGgyEvOht	UlLi41R3VU6YCnuic62b	6	6.034286
amb_gameshow_v3.mp3	amb_gameshow	ixyOFJL5LrLUH7pADfMu	5y9a7ps9VGDfAWsrrAdJ	Neda0fxHdlBQ1k2Ml6SU	6	6.034286
amb_gameshow_v4.mp3	amb_gameshow	ixyOFJL5LrLUH7pADfMu	OLgbKkHycIgudKFC0u8k	ddbxH3LsUbDgNzbpVCpz	6	6.034286
amb_machine_v1.mp3	amb_machine	ixyOFJL5LrLUH7pADfMu	xrf6JR7r0xbtxLnQIhtV	Gq38kWUQvvOG2jMtFrNL	6	6.034286
amb_machine_v2.mp3	amb_machine	ixyOFJL5LrLUH7pADfMu	PgZ8Y9gbEQ0x0u87hgj2	5s1jXbzIlK5xXRepG5Zn	6	6.034286
amb_machine_v3.mp3	amb_machine	ixyOFJL5LrLUH7pADfMu	6UHHDVZNGT2w2EKj3gnt	w1AMdpFmuwexWCHNxHwh	6	6.034286
amb_machine_v4.mp3	amb_machine	ixyOFJL5LrLUH7pADfMu	uybEnzSNVVWpsn6m6AaI	XucDiIJwhhJ1ikW2QgSh	6	6.034286
