file	session	generation
stamp_v1.mp3	MfNs2R99Z4E89cSH4Wh3	FRTY79NCIQ6kp4TcA8Gj
stamp_v2.mp3	ALPxWOdOErCz4clwSZZ4	W7oW93S1qqZim1AydU7Z
token_v4.mp3	hyalEBbpPmUl1MZjjRU1	BkQ10YpYXWt4sBlcPbZm
token_v1.mp3	k3pxFMGHvJBzQGGKVFiB	24iHYCsQ9TemUqcY8oV5
drawer_v1.mp3	3ojzvsxsigXcgd3H9NQU	7Zk9BG2uANCkVGdFjALM
drawer_v4.mp3	hioJSn7LfU9EkVrQTJaG	ja1Rs4FYi5jGJsNcTE5A
fanfare_v1.mp3	fQxC4r0YyJLs15TJ1dtB	LXCrTEKgaGUAwj7CtJpc
fanfare_v2.mp3	MB90dFUiGme2hslxPEj3	xgFct0CfaNl8KkxM9Pgg
cart_v1.mp3	cgco4C43tHos9NJtWvy6	j8FA4LjeXcPG7xGigCRX
cart_v2.mp3	Ow6tc15WlLKNo0GdHK1L	gVj9ZUCDNWuUgK1e7g9S
paper2_v1.mp3	w9n1fBGjGU3m25FoXoAd	HDqbyeWbrC3lIHBoBPUY
paper2_v2.mp3	mCILddFWcTDmg1KLD7kF	Lnn7RkUrG0gby4cBhphH
