b01	t1	mGPBcQ8zLT6047xECD5M	HEAfECLXEuA2uUM3w3I5
b01	t2	s2fJyBIOe4wTCUPAJgQ3	1GoUkvBQ7VfnAFEIqf4M
b01	t3	JcnRGmhQOPmi5I7BpD0d	lXueTqY35AhQVnk18UNj
b01	t4	vpcNzV7ceRZ3Fni5kYB2	45Fjiu5PExUrjozAfC6o
b02	t1	B9FhYGQAeZz5oUKrZEGW	yzCmWCeWXKGvTlTx2EPt
b02	t2	A9lmIilrZksci4EpLOJW	fIFBM9O4D3zKUjWSKvHm
b02	t3	5RjaU2v8M3yTssvn9Yfh	UwUYPVTW7zfM0UZB4h3z
b02	t4	xlnGK2OP8MYU35mFmr27	9LZgEvQSBqAXZXvlIllD
b03	t1	1IThWfWnalvcj6mkqNlr	5a60kMN0uZevTrIQ2xU4
b03	t2	dWZRyiWBZ4kiXZQsjQ8h	NMbArzikw197RVlLwRLj
b03	t3	ymDGjV4Wjzo2jl5QtYJ0	kSka19YO8gRPvTfHPkzG
b03	t4	hlcj7dRUZ8ugKGIEFEhP	qkV87CqejLB40ZFaY1lx
b04	t1	1w5ZimKr4hf1CWnTmai7	2jOMpMIbFH7f5tqBQu8j
b04	t2	4OAzob5tuRyFUAINfIGY	YOMyOBewDPGgfKctaCvm
b04	t3	V3lJ560p6MsED5TlJkvg	AebuxUzq7ipLAuoyVauK
b04	t4	1ELOZ43wm7FXzCKkytyj	jbUgDH4RoxRe5QldBY2a
b05	t1	Eo4hxz4BbVLLzMf39xl4	9aTVKxTv8qRNNDS6fXAW
b05	t2	5zALPu6rimaSZh0Jqdeq	OpnQT5k4Nei9X7kjvAUQ
b05	t3	nHULOa74imOauymCbNYJ	5Zi5dIvkMO7eWYkQkeoI
b05	t4	vZOgBL7NnkMMSd5SRs17	lp23qYpFDRxo9ZgmZRo4
b06	t1	MX5eaaP0DO6qeENZoHxs	GEOrxsmXXXaGaSa5LAHS
b06	t2	SWh2iieEtPwVodzTUJKU	Bz27BeSsuP4Hx1Zhih6K
b06	t3	X8xPlycLvsY7vK2S7uYV	BNJ0Qyq4aYlqrc2H6Kk8
b06	t4	xOuRGxpSTqg8IsMMPbt9	YxPpIQeAkPj0L1eRUDmL
b07	t1	ik03dRyfUA6LyoDW9Xzd	k1Azd1ARcvsye28vPnQg
b07	t2	XrSFVwWzJsAEY8EYEYVd	6SZzyqfVvJn51emS8Cbc
b07	t3	S3i7E4czdaPtbnAHZle1	XwHntNo5bTfDSneriUOe
b07	t4	0K5MNvFHH7xEXp36JEma	ZkmhwvPQQ8Xu9IBatDj6
b08	t1	WqA960HcLybL7Esijevs	CU56XL4WhnFbkQfJmxwi
b08	t2	MwEL5g4tR3iZyqH1Pb63	ju8cNOV0gDFGEfzKKXum
b08	t3	Jdr9CNC82cueMOrUz87Q	acbCDtDzf2Y29k4mTnaq
b08	t4	2mRu7vNtdl6dNni2Uksl	x0TAad1wXvb5HdYruuGS
b09	t1	kVdkNcgImV9oRE94wiy1	gH4ZKzry3V94i4KQJapP
b09	t2	pCRowqw3nNDfWsTbXPlt	SHje6OmycyoXk50SFyVt
b09	t3	STCMFw3UxYp3rzoHA1FC	j6gSs4le1KgJAOWdx5LW
b09	t4	YvOWOpTyX2NAO102QBKG	bCszGr0741Q5wYA0M03N
b10	t1	RPJwHddOpuO9hUHHc1Ze	5jzH12nNtAhLyD6Oa28t
b10	t2	CAgVkFDrRuA0TFB14lvb	zHc5nDeFvXjDWY7qOk1X
b10	t3	u2PNd511FfyMdWzExw5G	jtjB0IMQ76nqDQpMsSqo
b10	t4	w4IozAyipqm9b1dsEImT	hM9DaFfWEXAoKqwGWeic
b11	t1	l1d9rID6kvcFemAtCjdT	oZeHUt99UunePE6xjPoG
b11	t2	1njgMFoeIh4Xnv4O1c3l	Wg5VqAqGMzrGV3auiVvp
b11	t3	C1EVMdoX2ndH3kTib6eA	tdLJH5nVXtUP1yHPiZEP
b11	t4	73MIZeO3PZEJqu3cnllH	xFytZ7nHhdcu64SKIx0z
b12	t1	Dj3MOViBf5ORVZo9dhmp	H01E0Q5BRBdQYTtPdQcP
b12	t2	d2lFwxVjn0UliClaDgsn	3BHsvd99bIA1p1TT800d
b12	t3	T8EUv1yhaEZud3Qt5ArA	4wxeVcmQprsqM2jSgEvs
b12	t4	vf9fMbYW8gyM4ER7XEYN	nY4enTdOlD5OXpmLf1FI
