claim_id,exact_proposed_assertion,source_url,locator,date_version,setup_conditions,evidence_status,access_method,verification,script_lines,scene
C01,A sensor pointed at a blank relay wall cannot see a person hidden behind a partition directly.,https://github.com/sidsoma/consumer-nlos (README 'Tips for setting up your hardware'); research/geometry/layout.json,README; geometry_check.py visibility checks,commit 15314de422a765a2d1b72ea7037dfafb2f908d7c; layout v1,Illustrative room: partition blocks every straight sensor-to-person line (71 checks pass),illustrative,direct; derivation,geometry checks pass,s02,S1
C02,"The opening/act-4 plot shows the authors' own released measurements from a 2026 experiment: a sensor aimed at a wall while a hidden person moved, processed with the authors' published tracking code.",https://github.com/sidsoma/consumer-nlos paper/captured_data/st_spad_person_tracking; paper/tracking.py,"475 frames, 4x4 zones x 128 bins, 250 ps; tracking.py run by us (seeds 0-2); stored particle means in the files",commit 15314de422a765a2d1b72ea7037dfafb2f908d7c; data first committed 2025-10-20 (capture date unresolved); paper published 20 May 2026,"ST VL53L8 family evaluation kit, sensor fixed (wall points identical in all frames); data released already background-subtracted and wall-masked; config isDiffuse:False (retroreflective falloff model); clothing of the person undocumented; occluder position from the authors' plot code",experimentally_supported,code_or_data,"our run vs stored means: median top-down gap 8.1 cm, r=0.97 (x), 0.99 (z); not ground truth (none released)",s03 s35,"S1, S6"
C03,"The experiment is from 2026 (publication 20 May 2026, Nature 653, 693-699).",https://www.nature.com/articles/s41586-026-10502-x,article record; PubMed 42162390,published online 20 May 2026; issue 21 May 2026,"publication date, not the capture date",reported_by_authors,search_summary (many agreeing searches),high,s03 s35,"S1, S6"
C04,The light does not pass through the partition; it reaches the hidden person by bouncing off the relay wall and returns by the same kind of indirect route.,https://www.nature.com/articles/ncomms1747; https://www.nature.com/articles/nature25489; https://www.nature.com/articles/s41586-026-10502-x,mechanism common to all three papers; Nature 2026 Fig. 1a caption ('turning nearby diffuse surfaces into virtual mirrors'),"2012, 2018, 2026",requires an indirect path via a surface visible to both sensor and hidden object,independently_demonstrated,search_summary; direct (2018 PDF via mirror),supported,s04 s05 s45 s46,"S1, S8"
C05,Only a tiny fraction of the emitted light returns from the hidden person via the wall.,research/geometry/NOTES.md section 6,radiometric estimate,estimate 2026-10-08,"best-case Lambertian estimate (albedos assumed); order 1/380 to 1/6,000 of the first bounce",inference,derivation,consistent in order with ams data (C12),s05 s13,"S1, S3"
C06,"Light travels about 30 cm per nanosecond, so a longer path arrives later and the extra delay encodes extra distance; delays here are a few nanoseconds.",physical constant; research/geometry/layout.json,c = 29.98 cm/ns; illustrative room delays 6.4-8.9 ns after the wall return,n/a,illustrative room numbers,illustrative,derivation,computed,s06 s08 s16,"S1, S3"
C07,This needs a time-of-flight sensor (a small LiDAR) of the kind used in some phones and robots to measure distance; an ordinary webcam cannot time light at this scale.,https://cornar.media.mit.edu/; https://www.nature.com/articles/s41586-026-10502-x,"project FAQ ('the same consumer LiDAR sensors found in smartphones, AR/VR headsets, and autonomous vehicles'); abstract ('picosecond resolution')",2026,"describes sensor class, not a stock phone feature",reported_by_authors,search_summary,consistent across searches,s07,S1
C08,"A mirror reflects light at the same angle it arrived, keeping an image intact.",law of reflection,textbook optics,n/a,specular surface,independently_demonstrated,derivation,standard physics,s10,S2
C09,"A matte painted wall scatters light in many directions; each spot acts like a weak, scrambled mirror.",https://www.nature.com/articles/s41586-026-10502-x; research/geometry/NOTES.md,Fig. 1a caption ('virtual mirrors'); Lambertian scattering,2026,diffuse (near-Lambertian) relay wall; analogy labelled,independently_demonstrated,search_summary; derivation,supported,s11,S2
C10,The returning light is not a scrambled photograph that can be reassembled; each return mixes many paths and what survives is arrival timing.,research/geometry/NOTES.md section 5.2; project FAQ ('not photographs'),zone histogram = sum over paths,2026,metaphor limit,inference,derivation; search_summary,supported by the measurement model,s12,S2
C11,"At each diffuse bounce the light spreads out and most of it is lost, so the wall's own reflection dominates and the hidden echo is tiny.",research/geometry/NOTES.md section 6; O'Toole 2018 SI Supp. Fig. 1 (1/r^4 diffuse),radiometry,2018; estimate 2026-10-08,diffuse target; retroreflective targets return far more,independently_demonstrated,derivation; direct (2018 SI via mirror),supported,s13 s14,S3
C12,"In the authors' raw data from one of their sensors, the hidden-object bump arrives a few nanoseconds after the wall flash and is hundreds of times weaker.",https://github.com/sidsoma/consumer-nlos paper/captured_data/ams_U_reconstruction (iter_22),research/code_reproduction/out/fig1_ams_wall_peak_vs_late_return.json,commit 15314de422a765a2d1b72ea7037dfafb2f908d7c; data first committed 2025-12-04,"ams 3x3-zone sensor (model not named), 88 ps bins, sensor ~0.23 m from wall, U-shaped target on a controlled raster; ratio 256-576x is our peak-height measure; NOT the ST kit",experimentally_supported,code_or_data,our measurement of released data,s15,S3
C13,"Simplified picture: treat the sensor as sending and listening at a single spot on the wall (confocal), as the authors' code models each zone.",https://github.com/sidsoma/consumer-nlos paper/train/canon.py:83-84; https://www.nature.com/articles/nature25489,code models c*t = 2|w_i - p| per zone,commit 15314de422a765a2d1b72ea7037dfafb2f908d7c; 2018,labelled 'simplified picture (2D)'; real ST kit floods its whole field and detects 16 zones,illustrative,code_or_data,supported,s17,S4
C14,One arrival time fixes the distance from the wall spot to the hidden point but not the direction: every point on a circle (arc in front of the wall) fits.,research/geometry/NOTES.md section 3,r = (c t - 2|SW|)/2,n/a,2D confocal simplification,illustrative,derivation,71 checks pass,s18 s19,S4
C15,A second wall spot gives a second circle; in front of the wall the two cross in only one place (the other crossing is behind the wall).,research/geometry/NOTES.md sections 3 and 7,mirror ambiguity,n/a,"2D, noise-free",illustrative,derivation,computed,s20,S4
C16,Noise turns each arc into a band and the bands overlap in a region rather than a point.,research/geometry/NOTES.md section 7,regions table (+/-3.75 cm illustrative band),n/a,"band width illustrative (one 250 ps bin), not a measured precision",illustrative,derivation,computed,s21,S4
C17,Spreading the listening spots farther apart narrows the region; bunched spots leave it long and blurry.,research/geometry/NOTES.md section 7 (outer pair = all four; long diagonal 2*delta*sqrt(w^2+z^2)/w),derivation,n/a,geometric intersection picture; real estimators also average noise,illustrative,derivation,matches authors' reported error growth away from the virtual aperture (search_summary),s22,S4
C18,A real system searches for the hidden position that best explains all the timings at once using a light-transport model plus assumptions such as the object's shape.,"https://github.com/sidsoma/consumer-nlos paper/train/model.py, score.py, optim.py, motion.py; https://www.nature.com/articles/s41586-026-10502-x","particle filter: render, score, resample; point canonical model",commit 15314de422a765a2d1b72ea7037dfafb2f908d7c; Extended Data Fig. 1 (final),tracking assumes known shape (point canonical in released code),experimentally_supported,code_or_data; search_summary,supported,s23,S4
C19,"The output is a likely location or a rough shape, not a photograph.",https://cornar.media.mit.edu/; https://spectrum.ieee.org/smartphone-grade-lidar,FAQ ('not photographs'; 'sparse geometric and motion information'); lead author in IEEE Spectrum,2026,authors' own characterisation,reported_by_authors,search_summary,consistent,s24 s41,"S4, S7"
C20,In 2012 an MIT team recovered the 3D shape of a small (about 20 cm) diffuse wooden mannequin hidden around a corner.,https://www.nature.com/articles/ncomms1747,"Velten et al., Nat. Commun. 3:745, Fig. 1",published 20 March 2012,diffuse mannequin; femtosecond laser + streak camera; acquisition time unresolved,experimentally_supported,search_summary; direct (figure copy via third-party mirror),medium-high,s25,S5
C21,The 2012 setup used an ultrafast (femtosecond) laser and a streak camera on a lab bench.,https://www.nature.com/articles/ncomms1747,"Methods (Ti:Sapphire ~50 fs, Hamamatsu C5680 streak camera)",2012,lab equipment,experimentally_supported,search_summary,two searches agree,s26,S5
C22,In 2018 a Stanford team pointed the laser and detector at (almost) the same wall spot and scanned it (confocal NLOS).,https://www.nature.com/articles/nature25489,main text p. 338; SI 'Equipment details' (two slightly different points to reduce direct light),published online 5 March 2018,"single SPAD, 670 nm laser, galvanometer scan",experimentally_supported,"direct (PDF via third-party mirror, metadata matches publisher)",high,s27,S5
C23,"That made reconstruction a closed-form step taking about a second on a laptop, while collecting the measurements still took minutes.",https://www.nature.com/articles/nature25489,"Exit Sign: LCT 1 s on MacBook Pro for 64x64x512; capture 6.8 min (main text, SI Table 1)",2018,retroreflective exit sign; diffuse S took 68 min,experimentally_supported,direct (PDF via mirror),high,s27,S5
C24,By 2021 researchers in Wisconsin and Milan made live non-line-of-sight video of ordinary (non-retroreflective) objects at 5 frames per second with purpose-built SPAD detectors.,https://pmc.ncbi.nlm.nih.gov/articles/PMC8586255/,"Nam et al., Nat. Commun. 12:6526, abstract and Methods",published 11 November 2021,"two 16x1 fast-gated SPAD arrays (PoliMi), 532 nm laser, 0.2 s exposure, ~1 s latency, room lights on",experimentally_supported,search_summary; direct (author site),medium-high,s28,S5
C25,All three earlier demonstrations used research-grade equipment.,https://www.nature.com/articles/ncomms1747; https://www.nature.com/articles/nature25489; https://pmc.ncbi.nlm.nih.gov/articles/PMC8586255/; https://www.nature.com/articles/s41586-026-10502-x abstract ('research-grade LiDAR devices'),hardware descriptions,2012-2021,summary,reported_by_authors,search_summary; direct,supported,s29,S5
C26,In 2026 a team from MIT and Dartmouth demonstrated NLOS imaging on consumer-grade time-of-flight (LiDAR) sensors.,https://www.nature.com/articles/s41586-026-10502-x,author affiliations; abstract,published 20 May 2026,smartphone-grade proprietary device plus open ST kit,reported_by_authors,search_summary,high,s30,S6
C27,These are the kind of small time-of-flight sensors that ship in consumer devices.,https://cornar.media.mit.edu/; https://www.nature.com/articles/s41586-026-10502-x,FAQ opener; abstract,2026,sensor class; no stock-phone app exists (lead author quotes),reported_by_authors,search_summary,consistent,s30,S6
C28,"Consumer sensors are hard to use for this: low laser power, low spatial resolution (about 100 pixels on the smartphone-grade device) and camera/object motion.",https://www.nature.com/articles/s41586-026-10502-x; https://spectrum.ieee.org/smartphone-grade-lidar,"abstract (low laser power, low spatial resolution, object and camera motion); IEEE Spectrum ('about 100 pixels')",2026,~100 pixels = proprietary smartphone-grade unit; the open ST kit used 4x4 zones,reported_by_authors,search_summary,medium-high,s31,S6
C29,"Their approach fuses many frames, inspired by burst photography (and synthetic aperture radar).",https://www.nature.com/articles/s41586-026-10502-x,abstract,2026,,reported_by_authors,search_summary,two searches,s32,S6
C30,"Between frames the sensor and the person move; plain averaging would smear them, so the model accounts for motion (motion-induced aperture sampling: object shape, object motion and camera motion in one model).","https://www.nature.com/articles/s41586-026-10502-x; https://github.com/sidsoma/consumer-nlos paper/train/motion.py, canon.py",abstract; Fig. 2; random-walk predict + resample,2026; commit 15314de422a765a2d1b72ea7037dfafb2f908d7c,"illustrated in our room: naive intersection empties, motion-compensated keeps the person (illustrative)",reported_by_authors,search_summary; code_or_data; derivation,supported,s33 s34,S6
C31,Sensor motion samples new wall spots (a new listening spot); object motion is followed as a changing position.,https://github.com/sidsoma/consumer-nlos paper/captured_data/st_spad_cam_localization; canon.py:137-142,released cam-loc data: sampled pattern drifts up to 0.30 m,commit 15314de422a765a2d1b72ea7037dfafb2f908d7c,the drift data are camera localization with a retroreflective patch; benefit size in our room illustrative,experimentally_supported,code_or_data,supported,s34,S6
C32,The open demo uses an off-the-shelf ST evaluation kit; the authors describe off-the-shelf hardware for less than US$100 (project page: ST sensor about $50).,https://www.nature.com/articles/s41586-026-10502-x; https://cornar.media.mit.edu/; https://github.com/sidsoma/consumer-nlos README,abstract; 'Try it yourself'; README section 1 (P-NUCLEO-53L8A1),2026,"needs firmware flashing, wall calibration and an empty-room background capture",reported_by_authors,search_summary; direct,abstract wording high; ~$50 majority of searches,s35,S6
C33,"With the sensor stepped through known positions, a different sensor (ams, 3x3 zones) recovered a hidden U-shaped object.",https://github.com/sidsoma/consumer-nlos paper/reconstruction.py; captured_data/ams_U_reconstruction,36 hard-coded positions (serpentine raster) in reconstruction.py:69-88; run by us,commit 15314de422a765a2d1b72ea7037dfafb2f908d7c; data first committed 2025-12-04,"controlled known motion, static object; backprojection",experimentally_supported,code_or_data,clear U in our run of the authors' code,s36,S6
C34,"Many of the authors' tests used retroreflective material on the target (cloth, gloves, patch), which returns far more light.",https://arxiv.org/html/2605.17865v1; https://www.nature.com/articles/s41586-026-10502-x,manuscript methods ('retroreflective cloth ... to preserve the confocal image formation model'); SV2 gloves; SV3 patch,2026,"retroreflectors raise returns by orders of magnitude (O'Toole 2018 SI; Nam 2021 'at least 10,000 times')",reported_by_authors,search_summary,two searches,s37,S6
C35,Their 3D reconstructions used known sensor positions (gantry or programmed raster) of static objects.,https://arxiv.org/html/2605.17865v1; https://github.com/sidsoma/consumer-nlos reconstruction.py,"manuscript E1/E2 (gantry, known pose); ams raster",2026,not unrestricted handheld scanning,reported_by_authors,search_summary; code_or_data,supported,s37,S6
C36,The open kit needs a flat wall to calibrate against and a few seconds of empty-room background first.,https://github.com/sidsoma/consumer-nlos README sections 5-6; calibrate.py; track.py,~2 s background (background_seconds=2.0),commit 15314de422a765a2d1b72ea7037dfafb2f908d7c,ST demo,experimentally_supported,direct,high,s37,S6
C37,The authors report tracking a hidden person without special retroreflective clothing at 30 Hz capture.,https://www.nature.com/articles/s41586-026-10502-x,Supplementary Video 1 caption ('Real-time diffuse tracking ... without any special retroreflective materials at 30 Hz capture'),2026,"device, distances, accuracy and processing latency unresolved; capture rate is not latency",reported_by_authors,search_summary (4+ searches),caption high; video not viewed,s38,S6
C38,The code is public; as of 8 October 2026 we found no independent group reporting a reproduction with its own hardware.,https://github.com/sidsoma/consumer-nlos; research/context/NOTES.md section 1,"59 forks enumerated, none with new commits; 5 searches",as of 2026-10-08,code availability is not replication,inference,code_or_data; search_summary,"absence of evidence, dated",s38,S6
C39,Robots or vehicles getting an early hint of movement around a blind corner (e.g. warehouse robots) is a proposed application.,https://cornar.media.mit.edu/; https://spectrum.ieee.org/smartphone-grade-lidar,FAQ applications; IEEE Spectrum (warehouse robots),2026,"potential use, not demonstrated in deployment",proposed_application,search_summary,supported as proposal,s39 s40 s41,S7
C40,"Open challenges include range, difficult surfaces (dark or glossy), direct sunlight, and real-time performance on mobile hardware; the authors call it an early-stage research prototype.",https://cornar.media.mit.edu/; https://github.com/sidsoma/consumer-nlos README tips,"FAQ ('early-stage research prototype'; open problems); README (glossy/dark walls worse, sunlight saturates)",2026,,reported_by_authors,search_summary; direct,supported,s42,S7
C41,No study has shown that NLOS sensing prevents collisions.,research/context/NOTES.md section 4,extended search,as of 2026-10-08,"Doppler-radar NLOS (Scheiner et al. 2020) shows detection/tracking, not crash reduction",inference,search_summary,"absence of evidence, dated",s43,S7
