claim_id,exact_proposed_assertion,source_url,locator,date_version,setup_conditions,evidence_status,access_method,verification,candidate_scene
D01,"If a screen blocks every straight line between the sensor and the person, the sensor cannot see the person directly.",research/geometry/layout.json (internal; geometry_check.py),checks: occlusion S->H in 2D and 3D; body outline invisible from both sensor positions,geometry_check.py run 2026-10-08,"Our illustrative room (4 x 3 m; partition x=2.00 m, z 0.65-2.15 m; 0.65 m gap)",illustrative,"derivation (code_or_data, our script)",71/71 checks pass; re-run independently by verifier,S1.1; S1.4
D02,"Some light can still reach the hidden person indirectly, by bouncing off a wall that both the sensor and the person can see, and a little of it comes back to the sensor the same way.","https://www.nature.com/articles/nature25489 ; https://www.nature.com/articles/ncomms1747 ; https://www.nature.com/articles/s41586-026-10502-x ; https://github.com/sidsoma/sidsoma.github.io (project-page snapshot, commit 48b57f43, 2026-05-14)",O'Toole 2018 p.338 and eq. 1; Velten 2012 abstract ('diffusely reflected light'); project page 'How can consumer LiDARs see around corners?',2012 / 2018 / 2026,Requires a relay surface visible to both sensor and hidden object,independently_demonstrated,"direct (2018 PDF via third-party mirror; project-page snapshot); search_summary (2012, 2026 article)",Consistent across all three research papers and the 2026 authors' page,S1.4; S1.5; S8.2
D03,"A mirror keeps an image because it reflects light in an orderly way; a plain painted wall scatters each ray in many directions, so no picture survives the bounce, but the timing of the returning light still carries clues.","standard optics ; https://www.nature.com/articles/s41586-026-10502-x ; https://github.com/sidsoma/sidsoma.github.io (project-page snapshot, commit 48b57f43, 2026-05-14)",law of reflection; Nature 2026 Fig. 1a caption ('turning nearby diffuse surfaces into virtual mirrors'); project page ('The time it takes for the light to return encodes the depth'),textbook; 2026,Matte (near-Lambertian) relay wall; 'timing carries clues' is our framing of the authors' measurement model,independently_demonstrated,derivation; search_summary (Fig. 1a caption); direct (project page),Fig. 1a caption wording search_summary only; the rest is standard physics,S2.1; S2.2; S2.3
D04,Light travels about 30 centimetres in a billionth of a second.,"SI definition: c = 299,792,458 m/s",29.98 cm/ns,n/a,Vacuum value; air correction negligible here,independently_demonstrated,derivation,computed,S1.7
D05,"Because the light has to go out to the hidden person and back, each extra nanosecond of delay means about 15 centimetres more distance from the wall.",https://www.nature.com/articles/nature25489 ; research/geometry/layout.json (internal; geometry_check.py),O'Toole 2018 eq. 1 (2r = ct); layout units,2018; computed 2026-10-08,Round trip from the wall spot; simplified confocal picture,independently_demonstrated,direct (2018 PDF via mirror); derivation,14.99 cm one-way per ns computed,S1.7; S4.2
D06,"Sensors that time light this precisely are called time-of-flight sensors, or LiDAR, and small versions are built into some phones, headsets, robots and cars.","https://github.com/sidsoma/sidsoma.github.io (project-page snapshot, commit 48b57f43, 2026-05-14) ; https://cornar.media.mit.edu/","project-page abstract (names iPhone Pro, Vision Pro, Waymo cars, home robots as places consumer LiDAR appears); FAQ opener",project page 2026-05-14; cornar page 2026,"Device class only; the paper's own devices are an unnamed smartphone-grade unit, an ST kit and an ams sensor; no stock-phone app exists",reported_by_authors,direct (snapshot); search_summary (cornar),Do not imply the study used an iPhone,S1.6
D07,"Each scattering bounce spreads the light out, so in a simple best-case estimate the hidden echo is hundreds to thousands of times weaker than the wall's own flash.",research/geometry/layout.json (internal; geometry_check.py) ; https://www.nature.com/articles/nature25489,"layout.json radiometry (about 1/380 per flood zone to 1/6,000 single spot); O'Toole 2018 SI Supp. Fig. 1 (diffuse 1/r^4)",estimate 2026-10-08; 2018,"ESTIMATE: assumed albedos 0.8/0.5, torso 0.24 m2, all cosines 1; real cases weaker",inference,derivation; direct (2018 SI via mirror),Arithmetic re-derived by verifier; label 'estimate',S3.1; S3.2
D08,"In one of the authors' raw recordings, the hidden-object bump arrives about four nanoseconds after the wall flash and is hundreds of times weaker.",https://github.com/sidsoma/consumer-nlos paper/captured_data/ams_U_reconstruction/iter_22.npy,"research/code_reproduction/out/fig1_ams_wall_peak_vs_late_return.json (centre zone: 3.70 ns, about 576x)",commit 15314de422a765a2d1b72ea7037dfafb2f908d7c; data committed 2025-12-04; capture date unstated,"ams sensor (model unnamed), 3x3 zones, 88 ps bins; one of 36 preset positions; sensor about 0.23 m from wall; values are processed/averaged counts; reading the bump as the hidden U is interpretation",experimentally_supported,code_or_data,Verifier reproduced: delay 3.6-4.0 ns across zones; ratio 256-589x depending on floor definition,S3.3
D09,"In a simplified picture, where the sensor sends and listens at a single spot on the wall, one delay tells you how far the person is from that spot but not in which direction: every point on a circle around the spot fits.",research/geometry/layout.json (internal; geometry_check.py) ; https://www.nature.com/articles/nature25489,layout.json confocal.frame_A_H_A (radius = |WH|); O'Toole 2018 eq. 1,computed 2026-10-08,2D confocal simplification; label 'simplified picture (2D)',illustrative,derivation,Radii 0.96-1.33 m re-derived by verifier,S4.1; S4.2
D10,"A second spot gives a second circle; the two circles cross at the person, and their other crossing lies behind the wall, so it can be ruled out.",research/geometry/layout.json (internal; geometry_check.py),geometry NOTES section 3 (mirror ambiguity),computed 2026-10-08,"2D, noise-free",illustrative,derivation,computed,S4.3
D11,"Real timings are noisy, so each circle is really a band, and the bands overlap in a fuzzy region rather than a single point.",research/geometry/layout.json (internal; geometry_check.py),regions.1bin_3.75cm,computed 2026-10-08,"Band +/-3.75 cm = one 250 ps bin, an illustration, not a measured precision of any device",illustrative,derivation,Fine-grid check: 4-point region about 0.35-0.38 x 0.07 m,S4.4
D12,Spreading the listening spots farther apart narrows that region; bunching them together leaves it long and blurry.,research/geometry/layout.json (internal; geometry_check.py) ; https://arxiv.org/html/2605.17865v1,regions (outer pair = all four points; long diagonal 2*delta/sin(alpha)); manuscript Supp. Fig. 9 text (error grows away from the virtual aperture),computed 2026-10-08; arXiv v1,Pure band-intersection picture; real estimators also average noise,illustrative,derivation; search_summary (manuscript),Geometry verified; authors' qualitative statement search_summary only,S4.5
D13,The authors' own software uses this simplified picture: it treats each zone of the sensor as if it sent and listened at one point on the wall.,https://github.com/sidsoma/consumer-nlos,paper/train/canon.py:83-84; paper/utils.py:463-466 (c*t = 2|w_i - p| from each zone's own wall return),commit 15314de422a765a2d1b72ea7037dfafb2f908d7c,All three paper pipelines and the live demo,reported_by_authors,code_or_data,Confirmed independently by two agents and the verifier,S4.1 (chip)
D14,The real evaluation-kit sensor lights its whole patch of wall at once and splits what it sees into 16 zones; nothing scans across the wall.,https://www.st.com/resource/en/datasheet/vl53l8ch.pdf ; https://github.com/sidsoma/consumer-nlos,ST datasheet (DOEs on transmitter and receiver; 45 x 45 deg square FoV); sensor.py (4x4),datasheets as indexed Oct 2026; commit 15314de422a765a2d1b72ea7037dfafb2f908d7c,"ST VL53L8-series kit only; 'flood, non-scanning' is not stated verbatim by ST",inference,search_summary; code_or_data,Inferred from fixed diffractive optics; consistent with code (no scanning),S1.2; S4.1
D15,"That simplified picture works best when the target bounces light straight back, like reflective safety material; ordinary surfaces blur and shift the echo and give weaker results.",https://arxiv.org/html/2605.17865v1 ; research/geometry/layout.json (internal; geometry_check.py),"manuscript: assume retroreflective 'to retain the image formation model of confocal scanning setups'; diffuse results 'inherently worse' (r^4 falloff, non-confocal paths); layout flood_illumination_zone_spreads_frame_A",arXiv v1; computed 2026-10-08,"Our flood numbers are illustrative: diffuse smear about 20-26 cm of path, shift up to about 18-19 cm; ideal retroreflector within about 1.5 cm",reported_by_authors,search_summary (two searches); derivation,Quotes unverified verbatim; physics consistent with code (t^2 vs t^4),S4.1; S6.8
D16,"To turn timings into a position, the computer tries many candidate positions, predicts the echo each one would produce, and keeps the ones that fit the measurements best.",https://github.com/sidsoma/consumer-nlos ; https://www.nature.com/articles/s41586-026-10502-x,"paper/train/model.py, score.py, optim.py, motion.py; Nature Extended Data Fig. 1 (particle filtering; number/title search_summary)",commit 15314de422a765a2d1b72ea7037dfafb2f908d7c; final journal,1000 particles; dot-product score raised to 3; residual resampling; random walk sigma 7 cm per frame,reported_by_authors,code_or_data; search_summary,Particle count confirmed in code; ED Fig. 1 locator unverified,S4.6
D17,"That only works because the software assumes things, such as the hidden thing being one small object that moves smoothly between frames.",https://github.com/sidsoma/consumer-nlos ; https://arxiv.org/html/2605.17865v1,"canons/point.npy = [[0,0,0]]; configs/tracking.yaml radius 0.07; manuscript ('object tracking assumes a known object shape'; rigid-body translation, no rotation)",commit 15314de422a765a2d1b72ea7037dfafb2f908d7c; arXiv v1,Tracking prior; manuscript prior r = 5 cm vs code 7 cm,reported_by_authors,code_or_data; search_summary,Per-task assumptions supported by code,S4.6 (card)
D18,"What comes out is a likely location, or with more data a rough shape, not a photograph.",https://cornar.media.mit.edu/ ; https://spectrum.ieee.org/smartphone-grade-lidar ; https://github.com/sidsoma/consumer-nlos,FAQ (outputs are not photographs; paraphrase only); IEEE Spectrum lead-author quote ('sparse geometric and motion information'); released outputs are particle positions / backprojection volumes,2026,Authors' own characterisation,reported_by_authors,search_summary; code_or_data,"'progressively richer inferences' wording not found by exact search, so paraphrase only",S4.7; S7.3
D19,A 2009 paper had already proposed using light echoes to look around corners.,"Kirmani, Hutchison, Davis, Raskar, ICCV 2009, 'Looking around the corner using transient imaging'",cited as O'Toole 2018 ref. 14,2009,Concept paper; its content was not read,reported_by_authors,direct (citation in 2018 PDF via mirror),Citation only,S5.1 (optional)
D20,"In 2012, an MIT team recovered the rough 3D shape of a small mannequin, about 20 centimetres tall, hidden around a corner.",https://www.nature.com/articles/ncomms1747,"Velten et al., Nat. Commun. 3:745, Fig. 1 and caption",published 20 March 2012,"Artist's figurine about 25 cm from the diffuser wall, no reflective treatment mentioned ('wooden' is secondary-source only); femtosecond laser + streak camera; lab bench; total acquisition time unresolved",experimentally_supported,search_summary; direct (figure copy via third-party mirror),"Supported; say 'untreated', not 'diffuse'",S5.1
D21,"That 2012 setup used a laser firing pulses about 50 femtoseconds long and a streak camera, on a lab bench.",https://www.nature.com/articles/ncomms1747,"Methods (Ti:Sapphire about 50 fs, 75 MHz, about 795 nm; Hamamatsu C5680 streak camera, about 15 ps effective resolution)",2012,"Lab equipment; patent US 9,146,317 lists different laser values",experimentally_supported,search_summary,Two searches agree; '50-200 readouts summed' not found,S5.1
D22,"In 2018, a Stanford team aimed the laser and the detector at almost the same spot on the wall and scanned that spot across it.",https://www.nature.com/articles/nature25489,main text p.338; SI 'Challenges with confocal scanning' (two slightly different points to reduce direct light),published online 5 March 2018,Single SPAD; 670 nm laser; galvo; wall about 2 m away,experimentally_supported,direct (PDF and SI via third-party mirror),Verbatim checked,S5.2
D23,"That made the reconstruction fast, about one second on a laptop for a hidden exit sign, but collecting the measurements still took nearly seven minutes.",https://www.nature.com/articles/nature25489,"p.340, Fig. 3a,b; SI Table 1",2018,Retroreflective traffic sign 0.61 x 0.61 m; 64 x 64 wall points over 0.8 x 0.8 m; 0.1 s per point; MATLAB on MacBook Pro 3.1 GHz i7,experimentally_supported,direct (PDF via mirror),6.8 min = 64*64*0.1 s checked,S5.2
D24,"Their fastest and outdoor results used reflective targets; a plain, non-reflective letter took about 68 minutes to scan indoors and came out noisier.",https://www.nature.com/articles/nature25489,"SI Fig. 8 and Table 1 (Diffuse S); main text p.340 (outdoor S, 1.7 min, about 100 lx)",2018,"Diffuse S: 64 x 64 points, 1 s each, indoors; outdoor S: retroreflective, indirect sunlight",experimentally_supported,direct (SI via mirror),Counts in released data match SI Table 1,S5.2
D25,The 2018 authors suggested that commercial LiDAR systems might be able to run their algorithms with only minimal hardware changes.,https://www.nature.com/articles/nature25489,p.338 right column (verbatim),2018,"A proposal, not a demonstration",proposed_application,direct (PDF via mirror),Verbatim,S5.4; S6.1
D26,"In 2021, researchers in Wisconsin and Milan made live around-the-corner video of ordinary, non-reflective objects at five frames per second, with about a one-second delay.",https://pmc.ncbi.nlm.nih.gov/articles/PMC8586255/ ; https://www.nature.com/articles/s41467-021-26721-x,"Nam et al., Nat. Commun. 12:6526, abstract, Methods, Fig. 4 ('NLOS letterbox')",published 11 November 2021,"Purpose-built 16x1 fast-gated SPAD arrays (28 pixels); 532 nm, about 700 mW laser; 0.2 s exposure per frame; lab room",experimentally_supported,search_summary,Several searches agree,S5.3
D27,All of these earlier systems were research equipment built for the purpose.,https://www.nature.com/articles/s41586-026-10502-x ; https://www.nature.com/articles/ncomms1747 ; https://www.nature.com/articles/nature25489 ; https://pmc.ncbi.nlm.nih.gov/articles/PMC8586255/,2026 abstract ('shown on research-grade LiDAR devices'); hardware of H1-H3,2012-2021; 2026 abstract,Summary,reported_by_authors,search_summary; direct,Consistent,S5.4
D28,"In a study published in Nature in May 2026, researchers at MIT and Dartmouth showed similar abilities using consumer-grade LiDAR sensors.","https://www.nature.com/articles/s41586-026-10502-x ; https://github.com/sidsoma/sidsoma.github.io (project-page snapshot, commit 48b57f43, 2026-05-14)","article record (Nature 653, 693-699); project page",published online 20 May 2026; issue 21 May 2026,"Publication date, not experiment date; devices: smartphone-grade research unit (main results), ST kit and ams sensor (released data)",reported_by_authors,search_summary; direct,Online date supported by repo commit timing; received/accepted dates single-route only,S6.1
D29,"Their main results used a smartphone-grade research device with about 100 pixels, each pairing a tiny laser with a light detector; it is not an ordinary phone.","https://arxiv.org/html/2605.17865v1 ; https://spectrum.ieee.org/smartphone-grade-lidar ; https://github.com/sidsoma/sidsoma.github.io (project-page snapshot, commit 48b57f43, 2026-05-14)",manuscript setup paragraph; IEEE Spectrum; project page ('smartphone-grade hardware'),arXiv v1; May 2026,Device unnamed; its data not released ('proprietary device'),reported_by_authors,search_summary; direct ('smartphone-grade'),'about 100 pixels' wording search_summary only; do not name a manufacturer,S6.2
D30,"Consumer sensors make this hard: the laser is kept weak for eye safety, there are few pixels, and the sensor and the target may both be moving.",https://www.nature.com/articles/s41586-026-10502-x ; https://arxiv.org/html/2605.17865v1,"abstract ('low laser power, low spatial resolution, and object and camera motion'); manuscript introduction ('eye safety constraints')",final journal; arXiv v1,Authors' framing,reported_by_authors,search_summary,Wording unverified verbatim,S6.2
D31,"Their answer is to combine many faint, noisy frames, an idea they compare to burst photography on phones and to synthetic-aperture radar.",https://www.nature.com/articles/s41586-026-10502-x,abstract (multi-frame fusion 'inspired by burst photography and synthetic aperture radar'),final journal / arXiv v1,Authors' framing,reported_by_authors,search_summary,Sentence wording and placement unverified,S6.3
D32,"If the person moves between frames, simply stacking the frames smears the answer or even points to the wrong place.",research/geometry/layout.json (internal; geometry_check.py),regions: frame A + B2 (plain intersection empty; stacking smear about 0.86-0.89 m; +/-7.5 cm bands give a region about 5.6 cm off that excludes the true position),computed 2026-10-08,"Our illustrative room, person moves 0.11 m in 0.1 s",illustrative,derivation,Re-derived by verifier,S6.4
D33,"So their model describes the object's shape, the object's motion and the sensor's motion together, and their software follows a moving target from frame to frame.",https://www.nature.com/articles/s41586-026-10502-x ; https://github.com/sidsoma/consumer-nlos,"abstract (motion-induced aperture sampling model); Fig. 2 title; paper/train/canon.py, motion.py",final journal; commit 15314de422a765a2d1b72ea7037dfafb2f908d7c,Rigid translation only (no rotation),reported_by_authors,search_summary; code_or_data,Model substance supported by code,S6.4; S6.5
D34,"Moving the sensor lets it listen at new spots on the wall, like building a bigger listening patch over time.",https://arxiv.org/html/2605.17865v1 ; https://github.com/sidsoma/consumer-nlos,manuscript Fig. 2 caption (camera motion 'increases synthetic aperture size'); reconstruction.py (36 positions); st_spad_cam_localization (sampled pattern drifts up to 0.30 m),arXiv v1; commit 15314de422a765a2d1b72ea7037dfafb2f908d7c,Benefit size in our room is illustrative (about 30% shorter region),reported_by_authors,search_summary; code_or_data,Caption wording unverified; code consistent,S6.5
D35,"They report three abilities: rough 3D reconstruction of hidden objects, tracking one or several hidden objects, and working out where the sensor is by using a hidden object as a landmark.","https://www.nature.com/articles/s41586-026-10502-x ; https://github.com/sidsoma/sidsoma.github.io (project-page snapshot, commit 48b57f43, 2026-05-14)",abstract capabilities list; project page Capabilities tabs,final journal; 2026-05-14,Each ability shown under its own conditions (see EXPERIMENT_RECORD R1-R6),reported_by_authors,search_summary; direct,Capabilities list supported,S6.1; S6.6
D36,"The authors report tracking a person walking behind a screen, without any special reflective clothing, with the sensor capturing 30 frames per second.","https://www.nature.com/articles/s41586-026-10502-x ; https://github.com/sidsoma/sidsoma.github.io (project-page snapshot, commit 48b57f43, 2026-05-14)",Supplementary Video 1 caption ('Real-time diffuse tracking ... without any special retroreflective materials at 30 Hz capture'); project-page video diffuse_tracking_final.mov,final journal; video file exported 2025-08-19 (not capture date),Smartphone-grade research device (visually not the ST kit; unnamed); sensor fixed; output is a position-probability map; no accuracy figure; processing latency not stated; device data not released,reported_by_authors,"search_summary (caption); direct (video frames: grey T-shirt, frame counter 30 per second)",Supported in substance; exact caption unconfirmed; same-file-as-SV1 unresolved,S6.9
D37,Thirty frames per second is how often the sensor captured data; the authors don't say how long the computer took to process each frame.,https://www.nature.com/articles/s41586-026-10502-x ; https://github.com/sidsoma/consumer-nlos,"SV1 caption ('30 Hz capture'); track.py (prints live FPS, no published figure)",final journal; commit 15314de422a765a2d1b72ea7037dfafb2f908d7c,Capture rate vs algorithm latency; our CPU runtime (25 ms per frame) is not the authors' latency,unresolved,search_summary; code_or_data,No per-frame latency in any source reached,S6.9
D38,"This is real sensor data released by the authors: a low-cost kit sensor, held still and aimed at a wall, while a hidden person moved behind a screen.",https://github.com/sidsoma/consumer-nlos paper/captured_data/st_spad_person_tracking,475 npz frames; paper/configs/tracking.yaml; authors' video diffuse_tracking_st.mov,commit 15314de422a765a2d1b72ea7037dfafb2f908d7c; files committed 2025-10-20 (authors' video of it time-stamped 2025-09-10); published with the Nature study 20 May 2026,"ST VL53L8-series kit, 16 zones, 250 ps; sensor fixed; processed with the retroreflective-falloff setting; clothing not documented (the authors' video shows a T-shirt); no timestamps; capture rate unresolved",experimentally_supported,code_or_data; direct,Video blob centres match the stored estimates within about 2-10 cm at 6 frames (our check),S1.3; S6.6
D39,"We ran the authors' own tracking code on that data, and its estimate closely follows the estimate stored in the authors' files.",https://github.com/sidsoma/consumer-nlos paper/tracking.py,research/code_reproduction/out/fig3_tracking_trajectory_topdown.json,commit 15314de422a765a2d1b72ea7037dfafb2f908d7c,"Unmodified script, CPU, seeds fixed by us; comparison is with the authors' stored estimate, not ground truth (none released)",experimentally_supported,code_or_data,"Median top-down gap 8.1 cm; correlation x 0.97, z 0.99; reproducibility, not accuracy",S1.3 (fine print); S6.6
D40,"Even before any tracking, the echo's delay in that data rises and falls in step with the tracker's estimate of how far the person is from the wall.",https://github.com/sidsoma/consumer-nlos paper/captured_data/st_spad_person_tracking,research/code_reproduction/out/fig2_st_later_return_energy_over_frames.json,commit 15314de422a765a2d1b72ea7037dfafb2f908d7c,"Released, processed histograms; frame index only; correlation with the tracker estimate, not ground truth",experimentally_supported,code_or_data,r = 0.93 delay vs tracker z; r = -0.93 delay vs echo energy; verifier reproduced,S1.3 (beat B); S3
D41,"With a different small sensor stepped through 36 preset positions, the authors' code recovers the outline of a hidden U-shaped object.",https://github.com/sidsoma/consumer-nlos paper/reconstruction.py; paper/captured_data/ams_U_reconstruction,"reconstruction.py:69-88 (6 x 6 serpentine raster, 1.28 x 0.64 m); research/code_reproduction/out/fig4_ams_U_backprojection.json",commit 15314de422a765a2d1b72ea7037dfafb2f908d7c; data committed 2025-12-04,"ams sensor (model unnamed), 3x3 zones, 88 ps; static object; 'U' known from dataset name; not tied to a paper figure; positions assumed, not measured",experimentally_supported,code_or_data,"Verifier re-ran: U spans x 0.41-0.84 m, y 0.43-0.82 m",S6.7
D42,"For their 3D reconstructions, the sensor was moved on a mechanical frame to known positions while the hidden object stayed still; they did not reconstruct shapes from a freely hand-held sensor.","https://arxiv.org/html/2605.17865v1 ; https://github.com/sidsoma/sidsoma.github.io (project-page snapshot, commit 48b57f43, 2026-05-14)",manuscript Supplementary S3.1 (gantry); project-page video reconstruction.mov (device on a two-axis gantry),arXiv v1; video exported 2026-05-05,"Known pose, static scene; the manuscript says handheld would work 'in principle' with reliable pose",reported_by_authors,search_summary; direct,Verifier refuted the 'reconstruction from handheld motion' reading,S6.7; S6.8
D43,"The hand-held test was different: a person moved the sensor freely and the system worked out where the sensor was, using a hidden reflective patch as a landmark.","https://www.nature.com/articles/s41586-026-10502-x ; https://github.com/sidsoma/sidsoma.github.io (project-page snapshot, commit 48b57f43, 2026-05-14)",Supplementary Video 3 caption (as reported); project-page video handheld_cam_localization.mov,final journal; video exported 2026-05-05,"Phone-shaped device tethered by a cable; plain white wall; static retroreflective patch; localization, not imaging; no error figure retrieved",reported_by_authors,search_summary; direct (frame counter 30 per second),"Caption unverified; video supports handheld, tethered",S6.8 (optional)
D44,"In their hand-tracking test, the person wore reflective gloves so the hands stood out from the light coming off the body.","https://www.nature.com/articles/s41586-026-10502-x ; https://github.com/sidsoma/sidsoma.github.io (project-page snapshot, commit 48b57f43, 2026-05-14)",Supplementary Video 2 caption (as reported); manuscript Fig. 4b; project-page video hand_tracking.mov,final journal; arXiv v1,"Retroreflective gloves; sensor on a tripod; tracking of two positions, not shape",reported_by_authors,search_summary; direct (gloves hidden by overlays in frames),Caption unverified; do not carry the 30 Hz over without the primary text,S6.8
D45,"Many of their test targets were covered in reflective material, which sends far more light back toward the sensor.",https://arxiv.org/html/2605.17865v1 ; https://www.nature.com/articles/nature25489,"manuscript ('For many of our experiments, we cover the hidden object in retroreflective cloth to preserve the confocal image formation model'); O'Toole 2018 SI Supp. Fig. 1 (1/r^2 vs 1/r^4)",arXiv v1; 2018,Real retroreflective materials fall between the ideal 1/r^2 and 1/r^4 (Heide et al.; Keyhole appendix),reported_by_authors,search_summary (two searches); direct (2018 SI),Supported in substance; exact section unresolved,S6.8
D46,Their accuracy tests moved a hidden patch to fixed spots on a gantry with the sensor held still; the manuscript reports an average position error of 4.7 centimetres.,https://arxiv.org/html/2605.17865v1,Supplementary S3.1 and S4.1; Supp. Fig. 9,arXiv v1 only; final-article value not established,"Gantry, stop-motion 10 x 10, fixed sensor; patch material unverified",unresolved,search_summary,Verifier: unclear; an exact-phrase search failed; DO NOT USE without the primary text; never attach to the person or kit results,not recommended
D47,"The authors also released code and data for a low-cost evaluation kit built around an STMicroelectronics VL53L8-series sensor, which anyone can buy.",https://github.com/sidsoma/consumer-nlos,README section 1 (P-NUCLEO-53L8A1 = Nucleo-F401RE + X-NUCLEO-53L8A1),commit 15314de422a765a2d1b72ea7037dfafb2f908d7c,Code and firmware name the VL53L8CH; manuscript and the authors' video inset say VL53L8CX; say 'VL53L8-series',reported_by_authors,direct,Read directly,S6.6
D48,The authors describe the off-the-shelf hardware as costing less than 100 US dollars.,https://www.nature.com/articles/s41586-026-10502-x ; https://www.media.mit.edu/posts/mit-media-lab-researchers-turn-everyday-lidar-into-an-around-the-corner-camera/ ; https://spectrum.ieee.org/smartphone-grade-lidar,abstract ('for less than US$100'); MIT Media Lab post; IEEE Spectrum,final journal; May 2026,"Scope not stated; project page 2026-05-14 says ST sensor '~$100' (direct), later page '~$50' (search); kit about US$52-59 at distributors (search); does not apply to the smartphone-grade device",reported_by_authors,search_summary; direct (project page),Abstract wording unverified verbatim; never write 'well under',S6.6
D49,"To use the kit you first point it at a flat wall to calibrate it, and record a couple of seconds of the empty room, despite the authors' 'no additional set-up' description.",https://github.com/sidsoma/consumer-nlos,README sections 5-6; calibrate.py; track.py; config.py background_seconds = 2.0,commit 15314de422a765a2d1b72ea7037dfafb2f908d7c,Also needs custom firmware flashed onto the kit,reported_by_authors,direct,Read directly,S6.8
D50,"You can't do this with your own phone today, because phone makers don't usually give apps the raw timing data.",https://www.digitaltrends.com/phones/the-lidar-sensor-on-your-iphone-could-soon-let-you-see-around-corners/,"lead-author quote ('would require these companies to release their raw data, which they often don't do')",May 2026,The authors used a research device with raw access and an ST kit,reported_by_authors,search_summary (three searches),Do not attribute to IEEE Spectrum (passage not found),S6.9; S7
D51,"The code is public, but as of October 2026 we found no independent group reporting its own reproduction of these results.",https://github.com/sidsoma/consumer-nlos ; research/context/evidence/fork_ls_remote_2026-10-08.txt (internal),59 indexed forks all at upstream commits; one outside README fix (PR #2); five web searches,as of 2026-10-08,Absence of evidence; 3 unindexed forks unchecked; code availability is not replication,inference,code_or_data; search_summary,Re-derived by verifier,S6.9
D52,A different team had already used cheap single-photon sensors to track hidden objects back in 2021.,https://github.com/ComputationalLightTransport/CheapSPAD,"README (ST P-NUCLEO-53L1A1 kit, VL53L1X sensors); Callenberg et al., ACM TOG 40(4) Art. 61, SIGGRAPH 2021",2021,Different group and method; not a reproduction of the 2026 work,independently_demonstrated,direct (repo README); search_summary (venue),Hardware read directly by the context agent,S6.1 (optional)
D53,"It needs a surface, like a wall, that both the sensor and the hidden object can see.",https://github.com/sidsoma/consumer-nlos ; https://www.nature.com/articles/nature25489 ; https://pmc.ncbi.nlm.nih.gov/articles/PMC8586255/,README (a flat relay wall must fill the sensor's view); relay-wall geometry in all papers,commit 15314de422a765a2d1b72ea7037dfafb2f908d7c; 2012-2026,All systems covered here,independently_demonstrated,direct; search_summary,Consistent,S7.4; S8.3
D54,"The working distances are short: the kit's guide suggests keeping the sensor under a metre from the wall and the hidden object about one to one and a half metres beyond it, and the authors list longer range as an open problem.",https://github.com/sidsoma/consumer-nlos ; https://cornar.media.mit.edu/,README 'Tips for setting up your hardware'; FAQ open problems ('handling longer ranges (several meters)'),commit 15314de422a765a2d1b72ea7037dfafb2f908d7c; cornar page 2026,"Kit guidance, not the paper's experiment distances (those are unresolved)",reported_by_authors,direct; search_summary,README read directly,S7.4
D55,"Dark or glossy walls work poorly, and direct sunlight on the wall swamps the kit's sensor.",https://github.com/sidsoma/consumer-nlos,README tips ('Glossy or dark walls deflect or absorb too many photons'; 'direct sunlight on the wall will saturate the sensor'),commit 15314de422a765a2d1b72ea7037dfafb2f908d7c,ST kit guidance,reported_by_authors,direct,Verbatim,S7.4
D56,"The authors say it is still early: very low light, heavy noise, situations where both the sensor and the hidden object move unpredictably, and reliable real-time running on mobile hardware all remain hard.","https://github.com/sidsoma/sidsoma.github.io (project-page snapshot, commit 48b57f43, 2026-05-14) ; https://cornar.media.mit.edu/","FAQ 'How close is this to real-world deployment?' (verbatim, 2026-05-14); cornar FAQ ('early-stage research prototype'; 'real-time performance on mobile hardware')",2026-05-14 snapshot; cornar page 2026,Authors' own statements,reported_by_authors,direct; search_summary,Snapshot verbatim; cornar wording search_summary only,S7.4
D57,"One day, a robot or car might get an early hint that something is moving around a blind corner.","https://github.com/sidsoma/sidsoma.github.io (project-page snapshot, commit 48b57f43, 2026-05-14) ; https://spectrum.ieee.org/smartphone-grade-lidar","project page Applications ('Collision Avoidance'); press (warehouse robots, attribution not pinned down)",2026,Potential use; no vehicle or deployment tests,proposed_application,direct; search_summary,Proposal only,S7.1; S7.2
D58,"It would tell you that something is there and roughly where, not who it is.",https://github.com/sidsoma/consumer-nlos ; https://cornar.media.mit.edu/,outputs are position estimates (particles); FAQ (not photographs),2026,Output type of tracking,inference,code_or_data; search_summary,Follows from the output type,S7.3
D59,Nobody has yet shown that this kind of sensing prevents collisions.,research/context/NOTES.md section 4 (internal),two differently worded searches,as of 2026-10-08,"Absence of evidence; radar NLOS (Scheiner et al. 2020) showed detection and tracking, not crash reduction",inference,search_summary,Supported as absence of evidence,S7.5
D60,"In our simplified room, closing the gap between the screen and the wall blocks those indirect paths.",research/geometry/layout.json (internal; geometry_check.py),partition and gap geometry,computed 2026-10-08,2D room; real rooms also have floors and ceilings that can relay light,illustrative,derivation,Geometry,S8.3
