section	take	session	generation	bytes	flow	node
x01	t1	e4W6hyIbiexykJI9HS3w	1TOQGt5j1pfbOYbNt96S	318936	Cjv3aaPBJnopNavrrED3	6Fn9ebyuegC4XRGoGAar
x01	t2	b1J7rsKdmegJ1hw59MUe	ePG80Ugzk8CNJL0YGqIN	318936	Cjv3aaPBJnopNavrrED3	6Fn9ebyuegC4XRGoGAar
x01	t3	pHbCmynrIl1sev7CgMv0	kgDMFkcTPIksGgQHMXhZ	330639	Cjv3aaPBJnopNavrrED3	6Fn9ebyuegC4XRGoGAar
x01	t4	e0yaWN7bETAOiil6u43k	yeV0kDUbNlhofFma0agu	322698	Cjv3aaPBJnopNavrrED3	6Fn9ebyuegC4XRGoGAar
x02	t1	wnCF62EdWpCa8fOBUELG	IVDX4LvgQUGc3VuO7Vsf	280484	Cjv3aaPBJnopNavrrED3	WMN2ZMnD5uO2Jx5vFlPc
x02	t2	t3g0HGe8v7GQHIL30qK9	DwEo0K532WYedagELYuo	275468	Cjv3aaPBJnopNavrrED3	WMN2ZMnD5uO2Jx5vFlPc
x02	t3	9pdHP5GqAmKAXfvKOh1e	ARwGhLH8c4A2VpHU1CrO	276722	Cjv3aaPBJnopNavrrED3	WMN2ZMnD5uO2Jx5vFlPc
x02	t4	Uhin9cZZGs8J4vnV9scv	WFX58ZSb5J3KEEpSfoEd	281738	Cjv3aaPBJnopNavrrED3	WMN2ZMnD5uO2Jx5vFlPc
x03	t1	cJlDsaRcK2gfgWuiVpIH	6k27F1rFlpn5VZLGHCz3	385392	Cjv3aaPBJnopNavrrED3	QFPutuqqtrFgpftdsM2f
x03	t2	83uA02sysmI97CKomNt1	myt79H6N3CQIuwJz2d9y	382884	Cjv3aaPBJnopNavrrED3	QFPutuqqtrFgpftdsM2f
x03	t3	ftwPsStbPdFA1ibs6zw0	CC9N755xcDEEiOBZnwDe	385392	Cjv3aaPBJnopNavrrED3	QFPutuqqtrFgpftdsM2f
x03	t4	y2nAiQyxHisDklPz5l2u	9myy1xwDtwDm8FI12V8X	384138	Cjv3aaPBJnopNavrrED3	QFPutuqqtrFgpftdsM2f
x04	t1	PgPGIEFVzpfiZqRAGlqF	eSTBmM5TMzOYVbexAtoT	205251	Cjv3aaPBJnopNavrrED3	uuNXorPsHAHfIowHNgbE
x04	t2	1LcXX0ra6RUuj3HDexek	usgIFnkqBPfis2GDK3bm	205251	Cjv3aaPBJnopNavrrED3	uuNXorPsHAHfIowHNgbE
x04	t3	QcSm0J0yM5WcuY9cRvyw	MgFSiE6skI0XvgoC6s6i	202325	Cjv3aaPBJnopNavrrED3	uuNXorPsHAHfIowHNgbE
x04	t4	r68IJJnwbgMlFASN7CTe	bEBxDfxRhonZy3uuxTHf	211521	Cjv3aaPBJnopNavrrED3	uuNXorPsHAHfIowHNgbE
x05	t1	aIW1xRTxyt0V2nIkuyVY	WUrzyKcDArg9clyEvOwi	367837	Cjv3aaPBJnopNavrrED3	2Q5IewmoTrVZPZJeQL9B
x05	t2	6GToozK0j0ZuLfUBxhk4	Z2WW6toEOjM0g0zFWSwe	371599	Cjv3aaPBJnopNavrrED3	2Q5IewmoTrVZPZJeQL9B
x05	t3	LcCUIg95cK5waQ0HyqLs	VVavI8j0gTt9ZDlujFaS	370345	Cjv3aaPBJnopNavrrED3	2Q5IewmoTrVZPZJeQL9B
x05	t4	JOzkVzK2qUURENMhAWQI	nyaIOMJyC0PVStFCNqpc	374107	Cjv3aaPBJnopNavrrED3	2Q5IewmoTrVZPZJeQL9B
x06	t1	27GoAmsYXM3uOHREuLn7	nASb6goJiYeMU7VvytkY	288425	Cjv3aaPBJnopNavrrED3	OSd2F7VkxffqRjIq8A9V
x06	t2	2lgSgLSPB2iqeLZiwO7v	s6VQvdUiPrmbh9ZVMvHw	281738	Cjv3aaPBJnopNavrrED3	OSd2F7VkxffqRjIq8A9V
x06	t3	Yo4UiBSjjzwtfqjujfNF	f0GcuXYh3nPsR21O9Y6C	287171	Cjv3aaPBJnopNavrrED3	OSd2F7VkxffqRjIq8A9V
x06	t4	RNaFDQu7e3NrOhgNtzLg	P8GvnhvqACbzyw4KrM3Q	287171	Cjv3aaPBJnopNavrrED3	OSd2F7VkxffqRjIq8A9V
x07	t1	Z6Ch6nQJ2nyEJPMPDp8G	KL2iE0BYOI8acaTrTUTu	310159	Cjv3aaPBJnopNavrrED3	6f92xtKnlG3AklzBlvpw
x07	t2	tPBA4Uqk2gSnrqw2E5Is	xw9w8LJdbEEHg9Qqt4cA	312667	Cjv3aaPBJnopNavrrED3	6f92xtKnlG3AklzBlvpw
x07	t3	Poc2GKP0c4BdW0NyDQVz	zPvbD1edVxPn81S48vdu	304725	Cjv3aaPBJnopNavrrED3	6f92xtKnlG3AklzBlvpw
x07	t4	hNY0qW4hra2xYF0hVw0s	PecgT9IDkvh24qghTh00	302218	Cjv3aaPBJnopNavrrED3	6f92xtKnlG3AklzBlvpw
x08	t1	ayoEY3ez4IdBWaQRfgrC	yuS9REfdoYfinjvvtqnz	335654	Cjv3aaPBJnopNavrrED3	xnztY3onVcNmKAALu3XH
x08	t2	SVbej3CQZ1lKScKd1tT0	OlihkgKviOJzF84KCOXx	330639	Cjv3aaPBJnopNavrrED3	xnztY3onVcNmKAALu3XH
x08	t3	tOMj4obXNHOjHS1rYstH	sxmftGNz7iHeeBGE3sXx	326877	Cjv3aaPBJnopNavrrED3	xnztY3onVcNmKAALu3XH
x08	t4	BbH05xAtNTd4lu2s8Lbo	kEhYFjB9IKcT95bNig0Q	329385	Cjv3aaPBJnopNavrrED3	xnztY3onVcNmKAALu3XH
x09	t1	w2V2mE3SSNTWDrW30MIU	5vp5W47Sf0y6oBEkYOQs	335654	Cjv3aaPBJnopNavrrED3	057LomdFmndKP7jP2PTd
x09	t2	KtXY5FK5Rf0YWejuSkvY	kYIF8xaQHatw66eW7WFQ	328131	Cjv3aaPBJnopNavrrED3	057LomdFmndKP7jP2PTd
x09	t3	Lm2ZiHI2TO1xxDNyG5Yc	i0dFlhWfeo4Vo1kqeltG	338162	Cjv3aaPBJnopNavrrED3	057LomdFmndKP7jP2PTd
x09	t4	dCMZGPQD8kc72gtm8tgf	18Nr0iPlT19EerumBgb7	331893	Cjv3aaPBJnopNavrrED3	057LomdFmndKP7jP2PTd
x10	t1	JPpOSutFJ1XURhDp3rNu	hb4S0jebpOpbVy0TF5y6	276722	Cjv3aaPBJnopNavrrED3	1BHEf6UvsjwwRP3RSeoQ
x10	t2	F7wcVWE91lFZBYKVkd9r	0vKM3s6Mw4FOYD7GwxBY	280484	Cjv3aaPBJnopNavrrED3	1BHEf6UvsjwwRP3RSeoQ
x10	t3	6xWjwH746qJ8cxPCVfy9	n3hanLJWStB90ytbGQF0	276722	Cjv3aaPBJnopNavrrED3	1BHEf6UvsjwwRP3RSeoQ
x10	t4	jeqzvsciTET7PQJgS3be	rJqsKcMYT2IsONcd3x17	279230	Cjv3aaPBJnopNavrrED3	1BHEf6UvsjwwRP3RSeoQ
x11	t1	5ZrSnYtcefYA5mfOVRCT	5Z0tPSwOobmpNZr5tGRg	228239	Cjv3aaPBJnopNavrrED3	rtrUa7IBoq1CxFuEWFNt
x11	t2	vD9RifRoZrfVaM3APnz8	nxJg4cdEypQ1azY3wc8s	228239	Cjv3aaPBJnopNavrrED3	rtrUa7IBoq1CxFuEWFNt
x11	t3	9D4mjxX151IjF8QrJNZj	x5cpItxVKBhWi77ics0X	225731	Cjv3aaPBJnopNavrrED3	rtrUa7IBoq1CxFuEWFNt
x11	t4	NnNYfZgxt34BAdRws2GR	NxDSTuQGizK9F2e4Lmzu	229493	Cjv3aaPBJnopNavrrED3	rtrUa7IBoq1CxFuEWFNt
x12	t1	NxRwrqTAcLrpDvYFKgZY	kVrf07lQJHXkn3UFHyUO	549232	Cjv3aaPBJnopNavrrED3	yTztKAENxRpgxxYoBc7B
x12	t2	2GKTWVVI0V12CYOQu71E	OXzK6KKXwH13et8kRiLp	541708	Cjv3aaPBJnopNavrrED3	yTztKAENxRpgxxYoBc7B
x12	t3	Z7OSbZAu3fzF45OHSR8B	fovWlYrzalZsyKxSOXZq	553411	Cjv3aaPBJnopNavrrED3	yTztKAENxRpgxxYoBc7B
x12	t4	aX00oWqTailj2UvQc3WF	RXAR9H4AARDJolJJsVj9	549232	Cjv3aaPBJnopNavrrED3	yTztKAENxRpgxxYoBc7B
x12a	t1	1gob49MxaX7biklLQpb5	LPvmB6AvBMFnlFqhrwwQ	491971	Cjv3aaPBJnopNavrrED3	j6LutzneY0UD9oLWNefS
x12a	t2	pzB6xj7sCyhk2ZB30yYK	EUFcLTID4ijySwzgyenb	498241	Cjv3aaPBJnopNavrrED3	j6LutzneY0UD9oLWNefS
x12a	t3	QmquJSxuEPi6Az9Ia15n	XPlyL0zyF1FmhV9EvWjb	494479	Cjv3aaPBJnopNavrrED3	j6LutzneY0UD9oLWNefS
x12a	t4	g3QwRQfGugjgeHxXnpw6	8MhVEwOHhMGmgQ9rclWY	496987	Cjv3aaPBJnopNavrrED3	j6LutzneY0UD9oLWNefS
x13	t1	aujERVb6gXjUlkJQJtwe	Uiferuj0VPH5EJ4Hy1XL	461042	Cjv3aaPBJnopNavrrED3	PbRWydCuDDSmk1fVBFxc
x13	t2	4hSp4YHd8X2fBdZMvxao	yttbCjKu8LCc4czvyCEi	457281	Cjv3aaPBJnopNavrrED3	PbRWydCuDDSmk1fVBFxc
x13	t3	oBZzees8Z5QLmW7Phs9f	aLy1c9puMRGGEQMdZVrP	467312	Cjv3aaPBJnopNavrrED3	PbRWydCuDDSmk1fVBFxc
x13	t4	kGbfW3L7QlWGdXOEgWuL	yE8Ix0raU8824OJudgTW	463550	Cjv3aaPBJnopNavrrED3	PbRWydCuDDSmk1fVBFxc
x14	t1	crqW2PiopbdT9TZTLsnW	clUzBcm9P8yVuyUD3QBF	271707	Cjv3aaPBJnopNavrrED3	XLqGCQ0qWskFgRzX6mfP
x14	t2	zcPLZYPSuyqbnvs6OHbj	Q2VrkIXfG461wpeNyxRv	276722	Cjv3aaPBJnopNavrrED3	XLqGCQ0qWskFgRzX6mfP
x14	t3	3PEbDpKz8FvxyGafPtHL	EJYjekpgJYHEx7UzKC4N	277976	Cjv3aaPBJnopNavrrED3	XLqGCQ0qWskFgRzX6mfP
x14	t4	pPVFh1S1M0EwZRBo1ysJ	E8c3wl3PHLtZBTpkVJ5u	275468	Cjv3aaPBJnopNavrrED3	XLqGCQ0qWskFgRzX6mfP
x15	t1	03VApikJPs7ekJTecX1H	Ebao7LqfaE84xIDo987J	416321	Cjv3aaPBJnopNavrrED3	VoNxGLbRAlW7716MIvdy
x15	t2	3U2WJ353krPVxkZfHSTl	Ypr5HmpDqGDtG9NoDy7p	410051	Cjv3aaPBJnopNavrrED3	VoNxGLbRAlW7716MIvdy
x15	t3	zSOtYYviSjDfce0kvj3i	CZFfJ7zOqxXn5Vn3jKvE	413813	Cjv3aaPBJnopNavrrED3	VoNxGLbRAlW7716MIvdy
x15	t4	Vx5vNC0arbCYLLRW02WU	bAHCNLcDcYqig0CmIoon	415067	Cjv3aaPBJnopNavrrED3	VoNxGLbRAlW7716MIvdy
x15a	t1	gHutHm2f9mHwaeTghyGb	KzLp8WKWyHv98itTjThQ	411305	Cjv3aaPBJnopNavrrED3	s5hIZcB2C2dcsXcUvJ4r
x15a	t2	e5yoyANux28s3oVssKvY	B2mmGlW9nUirtdbNafG1	420082	Cjv3aaPBJnopNavrrED3	s5hIZcB2C2dcsXcUvJ4r
x15a	t3	ZieZHtNQ88UO6xbnzjUa	rauJ0kbpsWRBVEKTYjbe	413813	Cjv3aaPBJnopNavrrED3	s5hIZcB2C2dcsXcUvJ4r
x15a	t4	m5NhC9ViSgtfk5OsC3EY	TJ9QlwPnUbMtQz4hbdz6	413813	Cjv3aaPBJnopNavrrED3	s5hIZcB2C2dcsXcUvJ4r
x16	t1	r36Uu5vAz0KQXcVwo9xv	IqpJNvjXwULH6cVj4QK2	339416	Cjv3aaPBJnopNavrrED3	T1qZv5dIQejjD8YGEl2S
x16	t2	ro1j9Cc0ZvjpyeCHKcJD	h1QKM8ACCTSYgGvKDseG	335654	Cjv3aaPBJnopNavrrED3	T1qZv5dIQejjD8YGEl2S
x16	t3	XVzH9RJTVvMmF0jBBSw2	LlseTtpnDohdbgF3YT5b	339416	Cjv3aaPBJnopNavrrED3	T1qZv5dIQejjD8YGEl2S
x16	t4	ohgBxjdibmi51RRJxIAn	KHHNJIR54do72YNA96rY	338162	Cjv3aaPBJnopNavrrED3	T1qZv5dIQejjD8YGEl2S
x17	t1	t75llOob7GUoGgaEQvX0	1bLs8beE0aqPwc39h5Et	201072	Cjv3aaPBJnopNavrrED3	TShby6WVUjdZgb1FB6V6
x17	t2	A7z20LtTAkkbrtS8x8FN	4eSgpI8UQF85a3AF5qFX	202325	Cjv3aaPBJnopNavrrED3	TShby6WVUjdZgb1FB6V6
x17	t3	SldndBUCCdEfyna6gyfD	u2qUe4iWvja8kqnSIoGY	202325	Cjv3aaPBJnopNavrrED3	TShby6WVUjdZgb1FB6V6
x17	t4	vIng6jaCoROP1ze3TtVb	jj6EyXmZ8BiwWTraTaP9	202325	Cjv3aaPBJnopNavrrED3	TShby6WVUjdZgb1FB6V6
x17a	t1	uohUqxscAsO7XpmZwdaC	em9mqnEIOh1HjH3ZDWUJ	199818	Cjv3aaPBJnopNavrrED3	IKTYkRyzkp9jby1omlOX
x17a	t2	jxlAXdUsB82qRhVzxuyp	l3lZS0SGIQeqPHd5aFeX	197310	Cjv3aaPBJnopNavrrED3	IKTYkRyzkp9jby1omlOX
x17a	t3	Ng0VvzW2lsuGvFJT8RZQ	91arrIIkn74dr8fJeCQg	199818	Cjv3aaPBJnopNavrrED3	IKTYkRyzkp9jby1omlOX
x17a	t4	ge6Kua6Q1aOTw2Tz4tVh	ZyFGd38ZoFskGqxXWH6o	198564	Cjv3aaPBJnopNavrrED3	IKTYkRyzkp9jby1omlOX
x18	t1	hgehnKww8HMlM0qChJaF	uWl7IMtuIadCGtXDCixT	274214	Cjv3aaPBJnopNavrrED3	NdYGw0haxbuhYqo59aOn
x18	t2	YB2KcLin7irpRVH5tUQv	mFPUwfagcjd2AoKVF8BC	271707	Cjv3aaPBJnopNavrrED3	NdYGw0haxbuhYqo59aOn
x18	t3	xuy6BlL9Y34F4PGUiwKv	h8pjMKJa0LRqcf3PnAnd	276722	Cjv3aaPBJnopNavrrED3	NdYGw0haxbuhYqo59aOn
x18	t4	T640ht4YkkIAukL4Xvqw	G4q1IIF9GtLa3kDkBZkL	275468	Cjv3aaPBJnopNavrrED3	NdYGw0haxbuhYqo59aOn
x19	t1	t31ODW03jUXKOqdi4x0F	d4ltNZigJkSrCWT0tCz0	294694	Cjv3aaPBJnopNavrrED3	MNxpXusWXkCBy8qPgfdg
x19	t2	fSkLgjLzC68IZXkNmiPE	2UmhVKyzkuUYs9C6FrYq	297202	Cjv3aaPBJnopNavrrED3	MNxpXusWXkCBy8qPgfdg
x19	t3	lvfmFMHybPmOKDyENUza	CM0ZMUCmxvXEaeIanpjT	298456	Cjv3aaPBJnopNavrrED3	MNxpXusWXkCBy8qPgfdg
x19	t4	8nzXqpPFlEm1EIH9kHsz	Y4Qi63NfjjBqOpksPysE	295948	Cjv3aaPBJnopNavrrED3	MNxpXusWXkCBy8qPgfdg
x20	t1	cdN3KdmdUrfjpAIhcspm	M0bSOsD6gIqmjfIL4UR5	229493	Cjv3aaPBJnopNavrrED3	qDFe50aR1VDzL9UX4vW0
x20	t2	7f9b5FxAHN002XrYCVea	Wufg8AOZMkK8eh683FJf	221552	Cjv3aaPBJnopNavrrED3	qDFe50aR1VDzL9UX4vW0
x20	t3	1cHepLbS9Fkzqvs81P91	LV8aZoCgoWw7HiF5ipkx	228239	Cjv3aaPBJnopNavrrED3	qDFe50aR1VDzL9UX4vW0
x20	t4	YByI9bVxjYkaU7OJXhxY	eBxbrguIysWB7agxQocM	224477	Cjv3aaPBJnopNavrrED3	qDFe50aR1VDzL9UX4vW0
x21	t1	X6O6IgopiWGB0PHihfOr	Mq0Vi1pEpCHWgzNLQzI6	130854	Cjv3aaPBJnopNavrrED3	EQUu1CUcwrCOe510AgcM
x21	t2	OQ7eIUcts1fRJmo6MGup	pTHr3XXBG6t0IMG59RAm	132108	Cjv3aaPBJnopNavrrED3	EQUu1CUcwrCOe510AgcM
x21	t3	rS0xxUrp0LpRWRSq08CV	GxfePpPCU0vuRGVqmsiR	133362	Cjv3aaPBJnopNavrrED3	EQUu1CUcwrCOe510AgcM
x21	t4	bRpXboiqSe4PjhStQOdI	bHYjHwIpwi1FtQLRozia	130854	Cjv3aaPBJnopNavrrED3	EQUu1CUcwrCOe510AgcM
y01	t1	LzuQCcNESDHpIzQf4uVb	j38ElKhm7gAclVglMBwa	436801	Cjv3aaPBJnopNavrrED3	fqxv0DGmHrcvwU8gicH2
y01	t2	rKqPpdYRLoQrscZ3J9Yb	IsxJAAPyCTu8An5fWDbz	439308	Cjv3aaPBJnopNavrrED3	fqxv0DGmHrcvwU8gicH2
y01	t3	ZKcr4j87FqhZIAwwXKKQ	Xi3elU8ZWqkiECGVREtT	438054	Cjv3aaPBJnopNavrrED3	fqxv0DGmHrcvwU8gicH2
y01	t4	7EFheh1nIH0VY63hWnBd	16qXIwwVTtM8aSc7n011	436801	Cjv3aaPBJnopNavrrED3	fqxv0DGmHrcvwU8gicH2
y02	t1	IguMHY1XjUoYwfNbwS3z	vjK1CDSiTwdF29XBtAQ9	254988	Cjv3aaPBJnopNavrrED3	BTP12H4GBBTXe5JzK50T
y02	t2	5SsqywLf9OOyTciRU219	sL7Q0n1Cn5Iqpkf1zHZi	258750	Cjv3aaPBJnopNavrrED3	BTP12H4GBBTXe5JzK50T
y02	t3	rIN9F7jE4bQZ2VkTG7ZQ	2kVrikkuEU7z1KMR7DYW	251227	Cjv3aaPBJnopNavrrED3	BTP12H4GBBTXe5JzK50T
y02	t4	ZKsvvEy4GogshfXuW0Ca	SKuoccAheO9NXckx2uOp	254988	Cjv3aaPBJnopNavrrED3	BTP12H4GBBTXe5JzK50T
y03	t1	Y28WNUut3ai2Wc1LXmKF	BfjleHMk4ZcLsTvu6Ezv	326877	Cjv3aaPBJnopNavrrED3	x0uDvI78yKcADxisp79U
y03	t2	j1AL6pAqjWzwLott1MOK	vfruAvxkKs5MK4BVEQmu	321444	Cjv3aaPBJnopNavrrED3	x0uDvI78yKcADxisp79U
y03	t3	lU9Lk1sNxMlep0ezoEAW	Np2pTpWUVHnAvLnqHtyu	329385	Cjv3aaPBJnopNavrrED3	x0uDvI78yKcADxisp79U
y03	t4	UcpokHJW65MAtnrNzSzU	E9naBPg48k14WF8tLSom	322698	Cjv3aaPBJnopNavrrED3	x0uDvI78yKcADxisp79U
y04	t1	MG6zQfCYW70op1wNTHue	YyB2gDTUL8b5J80zwamt	344432	Cjv3aaPBJnopNavrrED3	Izt2BIJGep022wusVgsm
y04	t2	uWQi4kUMqgu6uw9QUxHF	81fN7RzhHBVb2YHT7Vhy	336908	Cjv3aaPBJnopNavrrED3	Izt2BIJGep022wusVgsm
y04	t3	fMptYjUUv2z7ShrhVTsh	cx7NQ4rMRSnnrsVD5lZc	343178	Cjv3aaPBJnopNavrrED3	Izt2BIJGep022wusVgsm
y04	t4	gYLSKkqwdAs1S6ahG91k	X8Fc2Q4uuJB8UT4yz2Az	343178	Cjv3aaPBJnopNavrrED3	Izt2BIJGep022wusVgsm
y05	t1	KZTKgU8FRGTEAS46Ebsy	B8jjcoHlrsGKaJ68VYTx	463550	Cjv3aaPBJnopNavrrED3	I9ns6TqCv5LPVtEYlIkn
y05	t2	0qTlbXk6qHZhQOhL9ftr	UuVSoFNOL3vztHDO5jgR	472745	Cjv3aaPBJnopNavrrED3	I9ns6TqCv5LPVtEYlIkn
y05	t3	l5xyDCklo6OhZYDoiVuC	KeHQNj5T1hJ9XkCBMjdd	459788	Cjv3aaPBJnopNavrrED3	I9ns6TqCv5LPVtEYlIkn
y05	t4	ru33XcqHypXhz3Z8BbZt	xAUPN6ihzDyP1Q6OlBjh	464804	Cjv3aaPBJnopNavrrED3	I9ns6TqCv5LPVtEYlIkn
y06	t1	D5FFncIB7UxcKjBjSpMD	xdvCkQODXXNevhQzlsot	379122	Cjv3aaPBJnopNavrrED3	uIfYD6KKCKHPgAZQboAF
y06	t2	Hnib0yAyP2qmjlAeJvQ5	UJUbeBL6FeFU2a648u2x	376614	Cjv3aaPBJnopNavrrED3	uIfYD6KKCKHPgAZQboAF
y06	t3	qBwGoEpt8Z9K4FnVM8XZ	l5iMmaxmuTpijhIQGmjR	374107	Cjv3aaPBJnopNavrrED3	uIfYD6KKCKHPgAZQboAF
y06	t4	qIP8oB48OCcqfkOtFTjh	QQbysu6KYdWS0mIlNxOD	384138	Cjv3aaPBJnopNavrrED3	uIfYD6KKCKHPgAZQboAF
y07	t1	7UD3ct1i6CSnTZMS4SSu	qqtKuRKCj8Doi97pjJV2	513705	Cjv3aaPBJnopNavrrED3	PhkF1tiOi5ap2nGP9RVl
y07	t2	YNnpGRT5WeNLjaByLkd8	hCbZ5oEUz7fVl84tWxdZ	513705	Cjv3aaPBJnopNavrrED3	PhkF1tiOi5ap2nGP9RVl
y07	t3	4opBQGTnABotukpzWOK7	0ismzTLzgdyaDteVrnoh	511197	Cjv3aaPBJnopNavrrED3	PhkF1tiOi5ap2nGP9RVl
y07	t4	d8nm4tX9HmIQXjwzWrYB	9wy8541iTfW44J6CF2eY	513705	Cjv3aaPBJnopNavrrED3	PhkF1tiOi5ap2nGP9RVl
y08	t1	LPsZI79d4tJq6DVd6LEF	YLtHb1Vxf138UrUzlh41	242032	Cjv3aaPBJnopNavrrED3	lprJUixelHb3ZLZ3kvPD
y08	t2	lWUrl2CDjNXjFhL0vv55	2OYSbo1GzOZQpwtT2nXS	239524	Cjv3aaPBJnopNavrrED3	lprJUixelHb3ZLZ3kvPD
y08	t3	pTfJckAUvhS7shlv465T	Z5uQVAU4XibUguGKXfok	239524	Cjv3aaPBJnopNavrrED3	lprJUixelHb3ZLZ3kvPD
y08	t4	Ixq2LZ8dUse6sx4hzY48	GaokavCdG9bvZj9NBCS2	242032	Cjv3aaPBJnopNavrrED3	lprJUixelHb3ZLZ3kvPD
y09	t1	Euyk1bPfcGyMtQTsTKs4	4sorPfJmP8wO7lTPRIOQ	429277	Cjv3aaPBJnopNavrrED3	DliTSNbRo637Q4yMCpHu
y09	t2	KVebvNS1WFxb25QvomNW	V6mNcp9ANPZ4N6ifJ2d0	426352	Cjv3aaPBJnopNavrrED3	DliTSNbRo637Q4yMCpHu
y09	t3	3hkUGPhXmxZFS5ZJcJss	eclJtq79z6BpAWHKUvS6	423844	Cjv3aaPBJnopNavrrED3	DliTSNbRo637Q4yMCpHu
y09	t4	yG0xEZzxGFXm5XagGNS4	qAnBiNTeELesDiz29Zis	426352	Cjv3aaPBJnopNavrrED3	DliTSNbRo637Q4yMCpHu
y10	t1	cKMUjvszeo5nwjSTxdYC	E9cG94effIPF9So6yn3V	567204	Cjv3aaPBJnopNavrrED3	3GuZ27HkHiSnjLuj6Ztq
y10	t2	YKeNFxZixbnltqGJX1Vc	V4STcCYxklMWp9MXwMbY	568458	Cjv3aaPBJnopNavrrED3	3GuZ27HkHiSnjLuj6Ztq
y10	t3	hoJRzuJV3gkRCIwokJP0	yXGibS0T2Gz2Os9b9c85	575145	Cjv3aaPBJnopNavrrED3	3GuZ27HkHiSnjLuj6Ztq
y10	t4	hjDSmGfLdWF3ysTTc82C	ZJvuDvB38VNPT3KNQdWL	580161	Cjv3aaPBJnopNavrrED3	3GuZ27HkHiSnjLuj6Ztq
y11	t1	OQOZP9DlFS9k64yYgFEu	VcuYyADceHMhJqmuccTx	422590	Cjv3aaPBJnopNavrrED3	ipdqvpcYQpSMiFeNgASg
y11	t2	7oKKHu6fQqr004sKFhKi	AYF6zqCcEB1DTqCm5GQJ	415067	Cjv3aaPBJnopNavrrED3	ipdqvpcYQpSMiFeNgASg
y11	t3	j9d6lAc4QC11GLrEK2GG	gUW9xClLnNzVWS5LDo6u	423844	Cjv3aaPBJnopNavrrED3	ipdqvpcYQpSMiFeNgASg
y11	t4	kkHKh1nu5wzIC6rAvLUS	KEC6QsBHjDtLYZd0xaLQ	434293	Cjv3aaPBJnopNavrrED3	ipdqvpcYQpSMiFeNgASg
y12	t1	MJNKm7kpWVitEYgxHp2g	cViJ03QiTzr5gmtAcnzn	647870	Cjv3aaPBJnopNavrrED3	nsJ7D7uCwyjGaMlbHB33
y12	t2	A8y8n51Ybdk8etGGuCi1	LwVQcBTDpLQcrsA06cKy	644108	Cjv3aaPBJnopNavrrED3	nsJ7D7uCwyjGaMlbHB33
y12	t3	BfswnKx7BTEsF5TXcCZy	IvPQEKfJDIBKpWJz46kD	645362	Cjv3aaPBJnopNavrrED3	nsJ7D7uCwyjGaMlbHB33
y12	t4	FBdc8U2IjcsuRanG52id	98zq8RESxMskcuMKjNYb	640347	Cjv3aaPBJnopNavrrED3	nsJ7D7uCwyjGaMlbHB33
y13	t1	Nfmb5MjOUCJYQywBME1a	gKYLFnx4z1rUgCkkFqPX	252481	Cjv3aaPBJnopNavrrED3	qgqk6DJIKucGbz9w3uUe
y13	t2	tizNK3tKK4OCrJBWivpl	mj2nIFT052WNwZW7PJ2j	254988	Cjv3aaPBJnopNavrrED3	qgqk6DJIKucGbz9w3uUe
y13	t3	tFy4gNhXx6kSlFUGH93a	y7P8AGqYq9U5OsNem2rt	253734	Cjv3aaPBJnopNavrrED3	qgqk6DJIKucGbz9w3uUe
y13	t4	XfSXbjyDUDdayK6DpEzA	DLRkAgpi3v72nBuYGOed	252481	Cjv3aaPBJnopNavrrED3	qgqk6DJIKucGbz9w3uUe
y14	t1	y9szCEiUzy89Z2ec5wik	7DNatRXOModIjfoogHlb	280484	Cjv3aaPBJnopNavrrED3	JRyKSnxePP6QJD9IGJsV
y14	t2	eTCSn4wXm1dMgLbGcBY6	ZVRpj94LUxg8RhVSi0EH	275468	Cjv3aaPBJnopNavrrED3	JRyKSnxePP6QJD9IGJsV
y14	t3	HtDPgTLddESFhdez4eyV	Qi5kWEoDYg3a9VoBKfMK	274214	Cjv3aaPBJnopNavrrED3	JRyKSnxePP6QJD9IGJsV
y14	t4	eU7P6m9guRbWxepVMChX	fKGeDrCreCwTJuI8rYQN	275468	Cjv3aaPBJnopNavrrED3	JRyKSnxePP6QJD9IGJsV
y15	t1	RvjZUE3aE1PGVqyAXk7p	I6yEgMxZZmPbBTYmfZUT	323952	Cjv3aaPBJnopNavrrED3	MMG42rPXnCCoq5hwJ3Zm
y15	t2	esAPCmfAaHDbDqD2UwFZ	XKfs3Jq8QUdUYxyAxLtj	322698	Cjv3aaPBJnopNavrrED3	MMG42rPXnCCoq5hwJ3Zm
y15	t3	9J1EAtJZU5t8I3G2o6MP	NnpUtiJNjF1eEerTUWyk	328131	Cjv3aaPBJnopNavrrED3	MMG42rPXnCCoq5hwJ3Zm
y15	t4	1UeudYDkoHcWJN7BiCZi	IIV9xRE4zJnpGuS6ehHT	325205	Cjv3aaPBJnopNavrrED3	MMG42rPXnCCoq5hwJ3Zm
y16	t1	tBoplTPgI2lC0sPFCmrW	HhWCZWyIhhw7coJSk3WK	189787	Cjv3aaPBJnopNavrrED3	oWdCPGxovnGWYVdzcTYC
y16	t2	E70e5sVUeWVxZRJk2biJ	S54hjBmuMYbHN9OwVJea	188533	Cjv3aaPBJnopNavrrED3	oWdCPGxovnGWYVdzcTYC
y16	t3	yUWTQPiYsiQTweyHgZDI	iYM4oZTOAS0QxKLSUMEG	191041	Cjv3aaPBJnopNavrrED3	oWdCPGxovnGWYVdzcTYC
y16	t4	WZPq4H6NDD0wzdlJftFM	xp0wTDtUfBEnheUpuJPZ	191041	Cjv3aaPBJnopNavrrED3	oWdCPGxovnGWYVdzcTYC
y17	t1	lBhr1uf5Vq3Q8E7BLAKE	X3A5NphmSrU18XkWsER3	288425	Cjv3aaPBJnopNavrrED3	hIBqi7VybcMeU6KINstX
y17	t2	oi7PHQeqJXuCmiiBbYAl	63NbjuibV16D9xh6jePh	294694	Cjv3aaPBJnopNavrrED3	hIBqi7VybcMeU6KINstX
y17	t3	GPMuKF8FEinKxCC2gQ4L	84yWaSmlXfWo5khQndG4	292187	Cjv3aaPBJnopNavrrED3	hIBqi7VybcMeU6KINstX
y17	t4	bQKalJgMIAeJ0ApbZLGm	Ou2SV5wscb3OedwaS3Br	294694	Cjv3aaPBJnopNavrrED3	hIBqi7VybcMeU6KINstX
y18	t1	c9L86SO4BaiE7vAWOWTE	wniAN0ZP9WZYcUb7NBZA	212774	Cjv3aaPBJnopNavrrED3	rhVlfsgfjFudr1dpGm0D
y18	t2	474suHrsXkFmfJDmvIAd	5ct3SdoATWDvAHTSh6RE	222805	Cjv3aaPBJnopNavrrED3	rhVlfsgfjFudr1dpGm0D
y18	t3	YRSs1QPdqClIr0BJh56M	O57Thy206xpkd3MeW4Y1	214028	Cjv3aaPBJnopNavrrED3	rhVlfsgfjFudr1dpGm0D
y18	t4	VPKeCUCFSP4aClVRNVnf	riJU1eisOum4PoCI2abo	216536	Cjv3aaPBJnopNavrrED3	rhVlfsgfjFudr1dpGm0D
y19	t1	LR6QsEJCOmOIj6WRK1EY	93Xu0Gk9LveRj30WbRhx	299710	Cjv3aaPBJnopNavrrED3	FRQfrk1KFOVXaw0dR47i
y19	t2	s6Yvljfltt3by5fQfGCn	dEsg5HBbIjdR0idpJYwX	297202	Cjv3aaPBJnopNavrrED3	FRQfrk1KFOVXaw0dR47i
y19	t3	v5YgZdBhfHVGIMOGdx1i	cJfyAGNr9ot0rmBdllpf	299710	Cjv3aaPBJnopNavrrED3	FRQfrk1KFOVXaw0dR47i
y19	t4	Ic4H6kUIW4mabpIxoE2J	90ZuAKAb9g89HSemWPQZ	298456	Cjv3aaPBJnopNavrrED3	FRQfrk1KFOVXaw0dR47i
y20	t1	LFQVgIJaPu6CLIYKP2ux	rihovanyVbZGeDav0O50	198564	Cjv3aaPBJnopNavrrED3	MSynGgWxcYclrd8diH17
y20	t2	TvWr0XABCRn0yK3beHd8	rA3XEewzJhRvMeMTs0dW	198564	Cjv3aaPBJnopNavrrED3	MSynGgWxcYclrd8diH17
y20	t3	Fk9zuEt8QPxAWYnopi8r	At4GM0euDAJnDR7bN4mW	199818	Cjv3aaPBJnopNavrrED3	MSynGgWxcYclrd8diH17
y20	t4	t7cbYWxFbhp2Eh239Ea2	gFrIiT3pKUZmavRRddID	199818	Cjv3aaPBJnopNavrrED3	MSynGgWxcYclrd8diH17
y21	t1	iMzZdDCIciayv8fnb1Bb	TWU6fZjauGnmNFx6KcNL	310159	Cjv3aaPBJnopNavrrED3	3XIoWFvYDzmQhGyuCZxL
y21	t2	wGggguuZXdyMmpxQvvhC	oRvc8v8iCywikwOdx2gK	313921	Cjv3aaPBJnopNavrrED3	3XIoWFvYDzmQhGyuCZxL
y21	t3	e0L8J6QquMAqcwVmsIuZ	R1R2T4OHuZ4KzGCWwikW	313921	Cjv3aaPBJnopNavrrED3	3XIoWFvYDzmQhGyuCZxL
y21	t4	W0gAq0HJMZ6Km21bTIwG	bnR8g8KLoyVSIBtTJ1on	313921	Cjv3aaPBJnopNavrrED3	3XIoWFvYDzmQhGyuCZxL
y22	t1	zYHrJRfHTTB6tYMT4qay	eXycsKNL4cyT5AE8IQWQ	353627	Cjv3aaPBJnopNavrrED3	pLupVpaxwNioSFMs3m5h
y22	t2	HfhDanHnDtvEMr0EGWOT	W6bxDIcgU8ZX0XHqdYA1	359896	Cjv3aaPBJnopNavrrED3	pLupVpaxwNioSFMs3m5h
y22	t3	OIS8LwNlMupeipVcQa1y	djXx6vmCoCX0o4ruIdNY	358642	Cjv3aaPBJnopNavrrED3	pLupVpaxwNioSFMs3m5h
y22	t4	KU29A2g3fnOcNgZ1y8xU	4Av9URKARH2fSw43DD1c	349865	Cjv3aaPBJnopNavrrED3	pLupVpaxwNioSFMs3m5h
