section	flow_id	node_id	session_ids
x01	Cjv3aaPBJnopNavrrED3	6Fn9ebyuegC4XRGoGAar	e4W6hyIbiexykJI9HS3w,b1J7rsKdmegJ1hw59MUe,pHbCmynrIl1sev7CgMv0,e0yaWN7bETAOiil6u43k
x02	Cjv3aaPBJnopNavrrED3	WMN2ZMnD5uO2Jx5vFlPc	wnCF62EdWpCa8fOBUELG,t3g0HGe8v7GQHIL30qK9,9pdHP5GqAmKAXfvKOh1e,Uhin9cZZGs8J4vnV9scv
x03	Cjv3aaPBJnopNavrrED3	QFPutuqqtrFgpftdsM2f	cJlDsaRcK2gfgWuiVpIH,83uA02sysmI97CKomNt1,ftwPsStbPdFA1ibs6zw0,y2nAiQyxHisDklPz5l2u
x04	Cjv3aaPBJnopNavrrED3	uuNXorPsHAHfIowHNgbE	PgPGIEFVzpfiZqRAGlqF,1LcXX0ra6RUuj3HDexek,QcSm0J0yM5WcuY9cRvyw,r68IJJnwbgMlFASN7CTe
x05	Cjv3aaPBJnopNavrrED3	2Q5IewmoTrVZPZJeQL9B	aIW1xRTxyt0V2nIkuyVY,6GToozK0j0ZuLfUBxhk4,LcCUIg95cK5waQ0HyqLs,JOzkVzK2qUURENMhAWQI
x06	Cjv3aaPBJnopNavrrED3	OSd2F7VkxffqRjIq8A9V	27GoAmsYXM3uOHREuLn7,2lgSgLSPB2iqeLZiwO7v,Yo4UiBSjjzwtfqjujfNF,RNaFDQu7e3NrOhgNtzLg
x07	Cjv3aaPBJnopNavrrED3	6f92xtKnlG3AklzBlvpw	Z6Ch6nQJ2nyEJPMPDp8G,tPBA4Uqk2gSnrqw2E5Is,Poc2GKP0c4BdW0NyDQVz,hNY0qW4hra2xYF0hVw0s
x08	Cjv3aaPBJnopNavrrED3	xnztY3onVcNmKAALu3XH	ayoEY3ez4IdBWaQRfgrC,SVbej3CQZ1lKScKd1tT0,tOMj4obXNHOjHS1rYstH,BbH05xAtNTd4lu2s8Lbo
x09	Cjv3aaPBJnopNavrrED3	057LomdFmndKP7jP2PTd	w2V2mE3SSNTWDrW30MIU,KtXY5FK5Rf0YWejuSkvY,Lm2ZiHI2TO1xxDNyG5Yc,dCMZGPQD8kc72gtm8tgf
x10	Cjv3aaPBJnopNavrrED3	1BHEf6UvsjwwRP3RSeoQ	JPpOSutFJ1XURhDp3rNu,F7wcVWE91lFZBYKVkd9r,6xWjwH746qJ8cxPCVfy9,jeqzvsciTET7PQJgS3be
x11	Cjv3aaPBJnopNavrrED3	rtrUa7IBoq1CxFuEWFNt	5ZrSnYtcefYA5mfOVRCT,vD9RifRoZrfVaM3APnz8,9D4mjxX151IjF8QrJNZj,NnNYfZgxt34BAdRws2GR
x12	Cjv3aaPBJnopNavrrED3	j6LutzneY0UD9oLWNefS	1gob49MxaX7biklLQpb5,pzB6xj7sCyhk2ZB30yYK,QmquJSxuEPi6Az9Ia15n,g3QwRQfGugjgeHxXnpw6
x13	Cjv3aaPBJnopNavrrED3	PbRWydCuDDSmk1fVBFxc	aujERVb6gXjUlkJQJtwe,4hSp4YHd8X2fBdZMvxao,oBZzees8Z5QLmW7Phs9f,kGbfW3L7QlWGdXOEgWuL
x14	Cjv3aaPBJnopNavrrED3	XLqGCQ0qWskFgRzX6mfP	crqW2PiopbdT9TZTLsnW,zcPLZYPSuyqbnvs6OHbj,3PEbDpKz8FvxyGafPtHL,pPVFh1S1M0EwZRBo1ysJ
x15a	Cjv3aaPBJnopNavrrED3	s5hIZcB2C2dcsXcUvJ4r	gHutHm2f9mHwaeTghyGb,e5yoyANux28s3oVssKvY,ZieZHtNQ88UO6xbnzjUa,m5NhC9ViSgtfk5OsC3EY
x16	Cjv3aaPBJnopNavrrED3	T1qZv5dIQejjD8YGEl2S	r36Uu5vAz0KQXcVwo9xv,ro1j9Cc0ZvjpyeCHKcJD,XVzH9RJTVvMmF0jBBSw2,ohgBxjdibmi51RRJxIAn
x17	Cjv3aaPBJnopNavrrED3	IKTYkRyzkp9jby1omlOX	uohUqxscAsO7XpmZwdaC,jxlAXdUsB82qRhVzxuyp,Ng0VvzW2lsuGvFJT8RZQ,ge6Kua6Q1aOTw2Tz4tVh
x18	Cjv3aaPBJnopNavrrED3	NdYGw0haxbuhYqo59aOn	hgehnKww8HMlM0qChJaF,YB2KcLin7irpRVH5tUQv,xuy6BlL9Y34F4PGUiwKv,T640ht4YkkIAukL4Xvqw
x19	Cjv3aaPBJnopNavrrED3	MNxpXusWXkCBy8qPgfdg	t31ODW03jUXKOqdi4x0F,fSkLgjLzC68IZXkNmiPE,lvfmFMHybPmOKDyENUza,8nzXqpPFlEm1EIH9kHsz
x20	Cjv3aaPBJnopNavrrED3	qDFe50aR1VDzL9UX4vW0	cdN3KdmdUrfjpAIhcspm,7f9b5FxAHN002XrYCVea,1cHepLbS9Fkzqvs81P91,YByI9bVxjYkaU7OJXhxY
x21	Cjv3aaPBJnopNavrrED3	EQUu1CUcwrCOe510AgcM	X6O6IgopiWGB0PHihfOr,OQ7eIUcts1fRJmo6MGup,rS0xxUrp0LpRWRSq08CV,bRpXboiqSe4PjhStQOdI
x15	Cjv3aaPBJnopNavrrED3	VoNxGLbRAlW7716MIvdy	03VApikJPs7ekJTecX1H,3U2WJ353krPVxkZfHSTl,zSOtYYviSjDfce0kvj3i,Vx5vNC0arbCYLLRW02WU
